"Riffell Lab",8/6/2018
"Timezone",-7

"Serial No.","6700000048751741"
"Location:",""
"Date - Time","Temperature (°C)","Humidity %"
43313.57918,25.1621,65.34
43313.58126,27.9738,59.20
43313.58334,28.0362,55.32
43313.58543,28.4110,54.04
43313.58751,28.8481,49.99
43313.58959,28.7857,48.16
43313.59168,28.7232,46.82
43313.59376,29.1603,47.61
43313.59584,29.0979,46.86
43313.59793,29.4101,44.54
43313.60001,29.7847,44.93
43313.60209,29.1603,42.96
43313.60418,28.5983,41.14
43313.60626,28.2861,41.86
43313.60834,28.0362,41.36
43313.61043,27.9738,42.47
43313.61251,27.9113,43.18
43313.61459,28.0987,42.28
43313.61668,28.9106,41.61
43313.61876,29.2228,41.53
43313.62084,29.9720,43.05
43313.62293,29.6598,44.33
43313.62501,29.4725,44.54
43313.62709,28.4110,45.29
43313.62918,29.3476,45.79
43313.63126,29.4101,46.86
43313.63334,30.1592,46.43
43313.63543,30.2841,45.70
43313.63751,29.5349,46.05
43313.63959,29.0979,46.78
43313.64168,28.2861,46.93
43313.64376,27.7864,47.11
43313.64584,27.7239,47.11
43313.64793,27.0368,46.48
43313.65001,27.5365,46.85
43313.65209,27.1617,46.18
43313.65418,27.7864,46.13
43313.65626,27.7239,45.22
43313.65834,27.7239,45.57
43313.66043,28.4110,46.39
43313.66251,29.6598,47.28
43313.66459,29.4101,46.35
43313.66668,29.3476,46.50
43313.66876,30.2841,47.12
43313.67084,31.7819,47.92
43313.67293,33.5287,45.70
43313.67501,34.0277,43.34
43313.67709,33.2792,40.96
43313.67918,32.2811,40.51
43313.68126,31.8443,40.78
43313.68334,31.0955,41.66
43313.68543,31.0955,43.38
43313.68751,30.4089,43.74
43313.68959,30.5962,44.87
43313.69168,30.5962,45.15
43313.69376,30.3465,43.33
43313.69584,29.4101,43.74
43313.69793,30.2217,45.89
43313.70001,30.7210,46.22
43313.70209,31.9067,46.13
43313.70418,32.9050,45.23
43313.70626,31.2827,43.28
43313.70834,31.1579,45.49
43313.71043,31.5323,45.49
43313.71251,31.2203,45.06
43313.71459,31.5323,43.63
43313.71668,32.9050,42.00
43313.71876,33.9029,39.70
43313.72084,34.4018,37.44
43313.72293,34.5889,35.24
43313.72501,33.9029,33.59
43313.72709,32.9050,31.93
43313.72918,32.0315,31.75
43313.73126,31.2827,32.00
43313.73334,30.7834,32.03
43313.73543,30.4714,31.37
43313.73751,30.5338,31.41
43313.73959,31.4699,32.35
43313.74168,32.0315,31.75
43313.74376,32.2811,31.65
43313.74584,32.4683,31.55
43313.74793,32.4683,30.50
43313.75001,32.5930,30.43
43313.75209,32.5930,30.01
43313.75418,32.5930,29.51
43313.75626,32.5307,30.09
43313.75834,32.5930,30.26
43313.76043,32.7802,31.08
43313.76251,32.8426,29.62
43313.76459,32.7178,29.31
43313.76668,32.8426,30.92
43313.76876,32.8426,31.51
43313.77084,32.7802,31.29
43313.77293,32.7178,30.95
43313.77501,32.6554,29.85
43313.77709,32.5307,30.84
43313.77918,32.7178,29.27
43313.78126,33.2169,30.34
43313.78334,33.4664,27.62
43313.78543,33.3416,27.90
43313.78751,33.4664,28.21
43313.78959,34.1524,29.43
43313.79168,34.4642,29.80
43313.79376,34.7136,30.13
43313.79584,34.9007,30.28
43313.79793,33.4664,28.21
43313.80001,32.2187,27.48
43313.80209,32.2811,28.80
43313.80418,32.3435,29.82
43313.80626,32.2187,29.51
43313.80834,32.7802,29.99
43313.81043,33.3416,30.14
43313.81251,33.4664,30.03
43313.81459,33.5287,29.87
43313.81668,33.5287,30.16
43313.81876,33.5287,30.50
43313.82084,33.3416,28.20
43313.82293,33.1545,28.01
43313.82501,33.0921,29.31
43313.82709,33.0297,27.23
43313.82918,32.9673,27.35
43313.83126,32.8426,27.08
43313.83334,32.7802,27.12
43313.83543,32.5930,27.52
43313.83751,32.7802,27.37
43313.83959,32.8426,26.53
43313.84168,32.7178,26.90
43313.84376,32.1563,26.92
43313.84584,32.7178,27.28
43313.84793,32.7178,27.66
43313.85001,33.3416,28.03
43313.85209,32.8426,27.59
43313.85418,31.9691,26.10
43313.85626,31.0955,25.57
43313.85834,31.0331,26.50
43313.86043,31.4699,27.40
43313.86251,31.1579,27.40
43313.86459,31.3451,27.94
43313.86668,31.5947,28.01
43313.86876,31.1579,26.05
43313.87084,30.4714,25.89
43313.87293,30.1592,26.53
43313.87501,30.2217,27.26
43313.87709,30.5338,27.93
43313.87918,31.1579,28.84
43313.88126,30.5962,27.26
43313.88334,31.0331,27.94
43313.88543,31.2203,28.81
43313.88751,31.2827,28.77
43313.88959,30.9083,28.77
43313.89168,30.2841,28.16
43313.89376,29.7847,27.60
43313.89584,29.4101,27.85
43313.89793,30.0344,29.43
43313.90001,29.4725,30.50
43313.90209,29.0354,30.25
43313.90418,28.9730,30.11
43313.90626,28.7857,30.39
43313.90834,28.6608,30.25
43313.91043,28.6608,30.21
43313.91251,28.6608,30.50
43313.91459,28.8481,30.64
43313.91668,29.2228,32.68
43313.91876,29.9095,35.48
43313.92084,29.3476,26.02
43313.92293,25.7246,30.02
43313.92501,25.0371,31.03
43313.92709,24.8496,31.47
43313.92918,24.7871,31.63
43313.93126,24.6621,31.99
43313.93334,24.6621,31.66
43313.93543,24.5370,32.23
43313.93751,24.5370,32.31
43313.93959,24.4745,32.10
43313.94168,24.4120,33.62
43313.94376,24.2870,32.49
43313.94584,24.2245,32.61
43313.94793,24.2245,32.49
43313.95001,24.2870,32.24
43313.95209,24.2245,32.28
43313.95418,24.0994,32.68
43313.95626,23.9744,32.29
43313.95834,23.7868,33.39
43313.96043,23.7868,33.23
43313.96251,23.7868,33.60
43313.96459,23.7243,33.10
43313.96668,23.7868,33.06
43313.96876,23.7868,33.06
43313.97084,23.7243,33.06
43313.97293,23.5992,33.13
43313.97501,23.3491,33.68
43313.97709,23.1615,34.20
43313.97918,23.0990,34.15
43313.98126,23.0990,34.56
43313.98334,23.1615,34.40
43313.98543,23.0990,34.11
43313.98751,23.0364,34.14
43313.98959,23.1615,33.70
43313.99168,23.1615,34.81
43313.99376,23.0990,34.39
43313.99584,23.0990,34.48
43313.99793,22.9739,34.83
43314.00001,23.0990,35.09
43314.00209,23.0364,34.55
43314.00418,23.0990,35.01
43314.00626,23.2240,34.32
43314.00834,23.2240,34.57
43314.01043,23.2240,34.45
43314.01251,23.0990,34.89
43314.01459,22.9739,35.37
43314.01668,23.0364,34.31
43314.01876,23.0990,34.48
43314.02084,22.9114,35.03
43314.02293,22.7863,34.90
43314.02501,22.6612,35.91
43314.02709,22.5986,36.52
43314.02918,22.5361,36.55
43314.03126,22.4736,37.16
43314.03334,22.4110,36.95
43314.03543,22.4110,37.15
43314.03751,22.3485,37.55
43314.03959,22.2859,37.26
43314.04168,22.2859,37.50
43314.04376,22.2234,37.38
43314.04584,22.0357,37.77
43314.04793,21.8480,38.40
43314.05001,21.9106,38.85
43314.05209,21.8480,39.33
43314.05418,21.5353,40.59
43314.05626,21.5353,40.91
43314.05834,21.2224,41.84
43314.06043,20.9096,42.85
43314.06251,20.5967,43.93
43314.06459,20.3464,44.70
43314.06668,20.2838,44.62
43314.06876,20.2838,45.13
43314.07084,20.2838,44.06
43314.07293,20.5967,42.50
43314.07501,20.2213,43.38
43314.07709,20.6593,42.15
43314.07918,20.8470,42.56
43314.08126,20.9096,40.85
43314.08334,21.2224,40.36
43314.08543,21.3476,39.60
43314.08751,21.2850,40.00
43314.08959,21.1599,40.15
43314.09168,21.0347,40.02
43314.09376,21.1599,39.54
43314.09584,21.1599,39.75
43314.09793,21.1599,39.50
43314.10001,21.0973,40.91
43314.10209,21.0347,39.98
43314.10418,20.7845,40.40
43314.10626,20.5967,41.74
43314.10834,20.7845,41.20
43314.11043,20.7845,40.84
43314.11251,20.7219,41.19
43314.11459,20.7845,41.04
43314.11668,21.0347,40.66
43314.11876,21.0347,39.61
43314.12084,21.2850,39.48
43314.12293,21.0347,40.62
43314.12501,20.8470,40.56
43314.12709,20.9096,40.37
43314.12918,21.0973,40.67
43314.13126,21.0973,40.34
43314.13334,20.9096,40.77
43314.13543,20.9096,40.45
43314.13751,21.2224,40.24
43314.13959,21.0973,40.71
43314.14168,20.8470,41.37
43314.14376,20.6593,41.99
43314.14584,20.5342,42.26
43314.14793,20.4716,42.73
43314.15001,20.2838,42.91
43314.15209,20.3464,43.08
43314.15418,20.5967,43.26
43314.15626,20.4716,43.21
43314.15834,20.4716,42.89
43314.16043,20.0961,43.77
43314.16251,20.2213,43.19
43314.16459,20.3464,43.28
43314.16668,20.4090,42.37
43314.16876,20.4090,42.25
43314.17084,20.5967,40.38
43314.17293,20.9096,39.60
43314.17501,20.7219,41.27
43314.17709,20.4716,42.25
43314.17918,20.0961,43.89
43314.18126,19.9083,44.03
43314.18334,19.6580,44.33
43314.18543,19.3450,46.43
43314.18751,19.1572,47.36
43314.18959,19.0946,47.27
43314.19168,18.9694,48.40
43314.19376,18.8442,48.40
43314.19584,18.9068,49.13
43314.19793,18.7816,48.07
43314.20001,18.5938,49.61
43314.20209,18.2808,51.48
43314.20418,18.4060,50.41
43314.20626,18.4686,49.52
43314.20834,18.2181,50.20
43314.21043,18.4060,49.25
43314.21251,18.3434,50.13
43314.21459,18.4060,49.91
43314.21668,18.4686,50.65
43314.21876,18.5312,49.92
43314.22084,18.9694,48.79
43314.22293,19.0320,48.44
43314.22501,19.0946,48.91
43314.22709,18.8442,48.54
43314.22918,18.7816,49.39
43314.23126,18.7816,48.93
43314.23334,18.5312,48.99
43314.23543,18.4060,51.37
43314.23751,18.5312,51.11
43314.23959,18.4060,50.87
43314.24168,18.2181,52.05
43314.24376,18.2181,52.43
43314.24584,18.2181,52.70
43314.24793,18.1555,52.58
43314.25001,17.9051,54.17
43314.25209,17.5293,55.28
43314.25418,17.0283,56.76
43314.25626,17.5293,53.00
43314.25834,17.9677,52.38
43314.26043,18.1555,52.01
43314.26251,18.9068,48.31
43314.26459,19.0320,48.91
43314.26668,18.5312,50.61
43314.26876,18.4060,51.45
43314.27084,19.4076,48.16
43314.27293,19.7206,47.83
43314.27501,19.9083,47.10
43314.27709,20.0335,46.96
43314.27918,20.0335,47.31
43314.28126,20.2213,47.52
43314.28334,20.3464,46.71
43314.28543,20.3464,47.88
43314.28751,20.2838,48.46
43314.28959,20.4716,46.88
43314.29168,20.5342,47.70
43314.29376,20.4090,48.94
43314.29584,20.8470,45.73
43314.29793,21.2224,44.90
43314.30001,21.4101,43.33
43314.30209,21.4101,45.11
43314.30418,21.4101,45.31
43314.30626,21.4101,45.78
43314.30834,21.6604,44.70
43314.31043,21.7229,45.57
43314.31251,21.8480,44.84
43314.31459,22.2234,42.77
43314.31668,22.5361,41.52
43314.31876,22.6612,42.05
43314.32084,22.7863,42.42
43314.32293,22.7863,41.22
43314.32501,23.0990,40.97
43314.32709,23.2240,38.85
43314.32918,23.7243,36.26
43314.33126,23.9119,35.54
43314.33334,24.0994,35.54
43314.33543,24.0994,37.36
43314.33751,24.0994,38.98
43314.33959,24.2870,36.56
43314.34168,24.3495,37.22
43314.34376,24.2245,36.68
43314.34584,24.5370,37.08
43314.34793,24.2245,38.14
43314.35001,24.2245,37.98
43314.35209,24.2245,37.70
43314.35418,24.5370,37.85
43314.35626,24.8496,37.15
43314.35834,24.9746,36.84
43314.36043,24.9746,35.86
43314.36251,25.3496,35.32
43314.36459,25.7246,35.89
43314.36668,25.5996,34.85
43314.36876,25.6621,34.08
43314.37084,25.2246,35.59
43314.37293,25.5996,33.78
43314.37501,25.7246,33.30
43314.37709,25.9121,31.54
43314.37918,26.1621,30.23
43314.38126,26.4745,30.47
43314.38334,26.5994,31.36
43314.38543,26.7869,29.96
43314.38751,26.9743,29.27
43314.38959,27.3491,28.47
43314.39168,27.5990,28.20
43314.39376,27.8489,26.58
43314.39584,27.8489,27.22
43314.39793,27.8489,27.01
43314.40001,28.2861,26.12
43314.40209,28.3485,25.57
43314.40418,28.2236,24.88
43314.40626,28.4110,24.86
43314.40834,28.8481,23.36
43314.41043,28.9730,23.98
43314.41251,29.3476,22.86
43314.41459,29.5349,22.79
43314.41668,29.3476,22.82
43314.41876,29.9720,22.41
43314.42084,30.0968,22.17
43314.42293,30.6586,20.24
43314.42501,30.7834,21.03
43314.42709,30.5338,20.18
43314.42918,30.4089,20.25
43314.43126,31.0331,19.41
43314.43334,31.2203,18.73
43314.43543,31.2203,19.16
43314.43751,31.3451,19.57
43314.43959,31.2827,18.39
43314.44168,31.6571,18.47
43314.44376,32.0939,18.12
43314.44584,32.1563,18.26
43314.44793,32.5307,16.45
43314.45001,32.4683,17.63
43314.45209,32.9673,16.72
43314.45418,33.2169,16.88
43314.45626,32.9050,17.02
43314.45834,33.0297,16.64
43314.46043,32.7802,17.54
43314.46251,32.9050,16.32
43314.46459,33.5287,17.39
43314.46668,33.6535,16.88
43314.46876,33.7782,16.41
43314.47084,33.4040,17.43
43314.47293,34.7136,16.77
43314.47501,35.1500,17.74
43314.47709,35.3994,16.88
43314.47918,36.0851,17.31
43314.48126,35.5864,17.39
43314.48334,34.5265,18.73
43314.48543,34.9007,18.85
43314.48751,35.2747,19.02
43314.48959,35.7734,19.95
43314.49168,36.2098,19.43
43314.49376,36.7084,18.82
43314.49584,36.0851,17.13
43314.49793,36.0228,18.80
43314.50001,35.8981,15.30
43314.50209,35.5241,15.30
43314.50418,35.4618,14.85
43314.50626,36.5837,14.65
43314.50834,39.3873,12.10
43314.51043,39.2004,12.89
43314.51251,38.8267,12.41
43314.51459,38.0169,12.74
43314.51668,37.5808,13.81
43314.51876,36.3344,13.74
43314.52084,35.8981,14.18
43314.52293,35.0877,15.30
43314.52501,34.4642,15.51
43314.52709,34.9630,13.51
43314.52918,35.3371,14.53
43314.53126,35.7734,14.35
43314.53334,36.0851,14.16
43314.53543,36.4591,13.53
43314.53751,36.7707,12.30
43314.53959,37.3315,11.91
43314.54168,37.5185,12.73
43314.54376,37.8300,12.63
43314.54584,38.2038,11.94
43314.54793,38.3284,11.32
43314.55001,38.5153,10.89
43314.55209,38.5775,11.80
43314.55418,38.7644,10.91
43314.55626,38.9513,10.66
43314.55834,39.2627,11.32
43314.56043,39.4495,11.07
43314.56251,39.6364,10.68
43314.56459,39.7609,10.28
43314.56668,39.8232,10.78
43314.56876,40.1345,10.45
43314.57084,40.1968,11.36
43314.57293,40.3213,10.87
43314.57501,39.8854,10.61
43314.57709,39.2627,13.93
43314.57918,38.2038,13.70
43314.58126,37.0823,14.57
43314.58334,35.9604,14.90
43314.58543,34.9630,16.44
43314.58751,34.7760,15.27
43314.58959,34.7136,14.24
43314.59168,34.2771,14.87
43314.59376,33.5911,16.74
43314.59584,33.3416,16.63
43314.59793,33.4040,19.05
43314.60001,33.4664,18.70
43314.60209,33.3416,17.29
43314.60418,33.2169,19.20
43314.60626,33.0297,18.13
43314.60834,32.8426,18.77
43314.61043,32.7802,23.23
43314.61251,32.6554,20.32
43314.61459,32.4683,22.64
43314.61668,32.2811,20.45
43314.61876,31.5323,20.11
43314.62084,31.1579,21.11
43314.62293,30.9083,21.43
43314.62501,30.2841,20.46
43314.62709,29.5349,30.34
43314.62918,29.7847,33.16
43314.63126,29.9720,32.14
43314.63334,30.1592,28.02
43314.63543,30.3465,27.49
43314.63751,30.5338,27.89
43314.63959,30.8459,28.56
43314.64168,30.7210,24.76
43314.64376,30.7834,24.90
43314.64584,30.8459,26.48
43314.64793,30.9707,26.37
43314.65001,31.1579,26.81
43314.65209,31.0331,26.16
43314.65418,31.0955,27.02
43314.65626,30.7210,25.79
43314.65834,30.9083,27.21
43314.66043,30.9707,29.03
43314.66251,30.4089,23.62
43314.66459,30.0344,23.66
43314.66668,30.1592,25.98
43314.66876,30.3465,25.07
43314.67084,30.5338,25.64
43314.67293,30.6586,25.01
43314.67501,30.7834,25.41
43314.67709,30.9083,25.64
43314.67918,31.0331,25.23
43314.68126,31.0955,25.02
43314.68334,31.0955,25.28
43314.68543,31.1579,25.03
43314.68751,31.1579,25.62
43314.68959,31.1579,25.28
43314.69168,31.1579,25.28
43314.69376,31.1579,25.45
43314.69584,31.0955,25.15
43314.69793,31.0955,25.62
43314.70001,31.0331,25.78
43314.70209,30.9707,25.86
43314.70418,30.9707,26.79
43314.70626,30.9707,27.60
43314.70834,30.9083,27.42
43314.71043,30.8459,27.80
43314.71251,30.7834,27.96
43314.71459,30.7210,27.32
43314.71668,30.6586,27.06
43314.71876,30.5962,27.94
43314.72084,30.5338,28.10
43314.72293,30.4714,28.22
43314.72501,30.3465,27.66
43314.72709,30.2841,27.99
43314.72918,30.2217,28.11
43314.73126,30.0968,27.80
43314.73334,30.0344,28.00
43314.73543,29.9095,28.33
43314.73751,29.7847,27.85
43314.73959,29.6598,29.31
43314.74168,29.5349,28.79
43314.74376,29.0354,30.04
43314.74584,28.9730,31.58
43314.74793,28.9106,31.44
43314.75001,28.8481,32.81
43314.75209,28.5359,30.94
43314.75418,28.4110,31.64
43314.75626,28.3485,31.42
43314.75834,28.2236,32.66
43314.76043,28.1612,33.15
43314.76251,28.1612,32.24
43314.76459,28.1612,32.03
43314.76668,28.1612,31.61
43314.76876,28.1612,31.40
43314.77084,27.7239,32.06
43314.77293,27.5990,29.88
43314.77501,27.4741,30.91
43314.77709,27.4116,31.53
43314.77918,27.2867,31.69
43314.78126,27.1617,32.46
43314.78334,27.0368,32.46
43314.78543,26.8494,32.26
43314.78751,26.7244,33.82
43314.78959,26.2245,34.26
43314.79168,26.1621,35.53
43314.79376,26.0371,35.64
43314.79584,25.9121,35.75
43314.79793,25.7871,36.92
43314.80001,25.8496,37.37
43314.80209,25.8496,38.75
43314.80418,26.0996,38.13
43314.80626,26.4120,37.55
43314.80834,26.7869,36.98
43314.81043,27.0993,36.32
43314.81251,27.3491,36.27
43314.81459,27.5365,35.88
43314.81668,27.7239,36.23
43314.81876,27.8489,36.44
43314.82084,27.8489,35.83
43314.82293,27.8489,36.32
43314.82501,27.8489,34.27
43314.82709,27.7864,32.44
43314.82918,27.7864,35.37
43314.83126,27.8489,34.31
43314.83334,27.9113,34.24
43314.83543,27.9738,33.79
43314.83751,28.2236,32.91
43314.83959,27.9738,32.13
43314.84168,27.4741,33.12
43314.84376,27.0993,34.27
43314.84584,26.7869,34.86
43314.84793,25.8496,36.07
43314.85001,25.0996,37.30
43314.85209,24.6621,38.23
43314.85418,23.0990,40.97
43314.85626,20.7219,47.68
43314.85834,20.2838,49.97
43314.86043,20.1587,50.81
43314.86251,19.9709,51.53
43314.86459,19.9083,51.95
43314.86668,19.7832,52.24
43314.86876,19.6580,52.27
43314.87084,19.5328,53.71
43314.87293,19.4702,53.17
43314.87501,19.4076,53.97
43314.87709,19.3450,53.74
43314.87918,19.2824,54.41
43314.88126,19.2198,54.18
43314.88334,19.1572,54.33
43314.88543,19.0946,54.67
43314.88751,19.0946,55.65
43314.88959,19.0320,55.95
43314.89168,18.9694,56.24
43314.89376,18.9694,55.79
43314.89584,18.9068,55.82
43314.89793,18.8442,56.12
43314.90001,18.8442,55.82
43314.90209,18.9068,56.31
43314.90418,18.9068,55.52
43314.90626,18.8442,55.78
43314.90834,18.8442,55.59
43314.91043,18.7816,55.36
43314.91251,18.8442,55.14
43314.91459,18.8442,55.03
43314.91668,18.7816,55.17
43314.91876,18.7816,55.55
43314.92084,18.7190,55.77
43314.92293,18.8442,55.10
43314.92501,18.7816,55.70
43314.92709,18.7190,55.40
43314.92918,18.7816,55.10
43314.93126,18.7190,54.87
43314.93334,18.7190,55.92
43314.93543,18.5938,56.07
43314.93751,18.5312,56.63
43314.93959,18.4686,56.43
43314.94168,18.4686,56.81
43314.94376,18.4686,57.56
43314.94584,18.4686,57.82
43314.94793,18.4060,57.26
43314.95001,18.3434,58.04
43314.95209,18.3434,57.89
43314.95418,18.4060,58.15
43314.95626,18.3434,58.86
43314.95834,18.2808,59.34
43314.96043,18.2808,58.96
43314.96251,18.3434,58.96
43314.96459,18.2181,59.81
43314.96668,18.2181,60.18
43314.96876,18.2181,59.59
43314.97084,18.2181,59.59
43314.97293,18.1555,59.92
43314.97501,18.2808,59.85
43314.97709,18.1555,59.36
43314.97918,18.2181,59.18
43314.98126,18.2181,59.11
43314.98334,18.0929,59.18
43314.98543,18.1555,59.44
43314.98751,18.1555,59.25
43314.98959,18.2181,59.29
43314.99168,18.2181,58.44
43314.99376,18.2808,58.93
43314.99584,18.2181,58.70
43314.99793,18.1555,58.70
43315.00001,18.0303,60.02
43315.00209,18.0303,61.39
43315.00418,17.9051,59.83
43315.00626,17.9051,60.90
43315.00834,17.9051,60.68
43315.01043,17.9051,60.39
43315.01251,17.9677,59.98
43315.01459,17.9051,60.61
43315.01668,17.8424,60.82
43315.01876,17.7798,61.41
43315.02084,17.8424,61.93
43315.02293,17.8424,60.94
43315.02501,17.8424,61.08
43315.02709,17.8424,60.68
43315.02918,17.8424,60.57
43315.03126,17.8424,61.12
43315.03334,17.7172,61.52
43315.03543,17.6546,61.37
43315.03751,17.6546,61.33
43315.03959,17.7172,61.48
43315.04168,17.5920,61.58
43315.04376,17.6546,61.51
43315.04584,17.7172,61.19
43315.04793,17.5920,62.17
43315.05001,17.6546,62.25
43315.05209,17.5293,62.28
43315.05418,17.4667,62.24
43315.05626,17.4667,61.76
43315.05834,17.5293,60.77
43315.06043,17.5293,60.88
43315.06251,17.4667,60.84
43315.06459,17.4667,61.21
43315.06668,17.4667,60.43
43315.06876,17.4667,59.99
43315.07084,17.4041,60.95
43315.07293,17.5293,59.99
43315.07501,17.4041,59.39
43315.07709,17.4041,60.02
43315.07918,17.4667,59.73
43315.08126,17.4667,59.58
43315.08334,17.3415,60.35
43315.08543,17.3415,59.95
43315.08751,17.3415,60.06
43315.08959,17.3415,60.43
43315.09168,17.2788,59.94
43315.09376,17.1536,60.31
43315.09584,17.0909,60.38
43315.09793,17.2162,59.83
43315.10001,17.0283,60.00
43315.10209,17.1536,59.79
43315.10418,17.0909,59.97
43315.10626,17.1536,58.49
43315.10834,17.2788,58.57
43315.11043,17.1536,58.67
43315.11251,17.2162,58.49
43315.11459,17.1536,58.34
43315.11668,17.0909,59.15
43315.11876,17.0283,59.22
43315.12084,17.0283,58.96
43315.12293,16.9030,59.92
43315.12501,17.0283,58.85
43315.12709,16.9657,59.41
43315.12918,16.9657,59.18
43315.13126,16.7778,60.14
43315.13334,16.8404,59.77
43315.13543,16.9657,57.99
43315.13751,16.9030,58.47
43315.13959,16.9030,61.10
43315.14168,16.9030,59.22
43315.14376,16.7778,59.43
43315.14584,16.7778,59.32
43315.14793,16.7151,59.39
43315.15001,16.9030,58.40
43315.15209,16.5899,60.09
43315.15418,16.4646,60.86
43315.15626,16.4019,60.93
43315.15834,16.4019,61.08
43315.16043,16.4646,60.75
43315.16251,16.6525,59.39
43315.16459,16.5272,60.83
43315.16668,16.4646,61.08
43315.16876,16.4019,61.19
43315.17084,16.5272,60.49
43315.17293,16.5899,61.05
43315.17501,16.7778,58.80
43315.17709,16.5899,61.05
43315.17918,16.5272,61.20
43315.18126,16.4019,61.59
43315.18334,16.4019,62.62
43315.18543,16.3393,62.29
43315.18751,16.4019,62.22
43315.18959,16.5899,59.53
43315.19168,16.4019,60.56
43315.19376,16.4019,61.00
43315.19584,16.3393,62.14
43315.19793,16.3393,61.15
43315.20001,16.3393,61.81
43315.20209,16.3393,61.11
43315.20418,16.3393,62.07
43315.20626,16.2140,62.39
43315.20834,16.1514,62.17
43315.21043,16.0887,62.79
43315.21251,16.1514,63.12
43315.21459,16.0887,61.95
43315.21668,16.1514,62.54
43315.21876,16.0261,63.95
43315.22084,15.9634,63.62
43315.22293,16.0887,63.30
43315.22501,16.1514,62.97
43315.22709,16.0887,62.50
43315.22918,16.0887,63.19
43315.23126,16.0887,62.83
43315.23334,15.9634,62.49
43315.23543,16.0261,63.63
43315.23751,16.0261,63.01
43315.23959,16.0887,63.15
43315.24168,15.9634,63.80
43315.24376,16.0887,63.01
43315.24584,16.0261,62.90
43315.24793,16.3393,61.37
43315.25001,16.0887,62.31
43315.25209,16.1514,62.13
43315.25418,16.2140,61.33
43315.25626,16.2767,60.85
43315.25834,16.2767,61.22
43315.26043,16.2140,62.21
43315.26251,16.2140,62.39
43315.26459,16.2140,62.28
43315.26668,16.2140,62.21
43315.26876,16.4646,61.56
43315.27084,16.5272,61.42
43315.27293,16.5899,60.61
43315.27501,16.5899,60.53
43315.27709,16.6525,60.65
43315.27918,16.7778,59.92
43315.28126,16.9030,60.07
43315.28334,16.9030,61.66
43315.28543,17.0283,59.67
43315.28751,17.2162,59.57
43315.28959,17.2788,58.61
43315.29168,17.5293,57.20
43315.29376,17.4667,57.65
43315.29584,17.6546,57.43
43315.29793,17.6546,57.32
43315.30001,17.7172,57.59
43315.30209,17.7798,56.99
43315.30418,17.9677,56.67
43315.30626,18.2808,56.01
43315.30834,18.4686,54.51
43315.31043,18.6564,53.72
43315.31251,18.5938,54.40
43315.31459,18.8442,54.76
43315.31668,18.9068,53.70
43315.31876,19.1572,53.42
43315.32084,19.2824,52.36
43315.32293,19.2198,52.70
43315.32501,19.2198,52.77
43315.32709,19.4076,52.44
43315.32918,19.5328,52.80
43315.33126,19.5954,51.19
43315.33334,19.5954,52.27
43315.33543,19.9709,51.11
43315.33751,20.2838,49.47
43315.33959,20.5967,48.57
43315.34168,20.5967,48.37
43315.34376,20.6593,47.71
43315.34584,20.9096,47.54
43315.34793,21.1599,46.82
43315.35001,21.4101,47.00
43315.35209,21.2850,46.48
43315.35418,21.4727,45.63
43315.35626,21.5353,45.71
43315.35834,21.5978,46.11
43315.36043,21.8480,45.27
43315.36251,21.7855,45.89
43315.36459,21.9106,45.12
43315.36668,21.7855,45.93
43315.36876,22.1608,45.02
43315.37084,22.4110,43.90
43315.37293,22.4110,43.30
43315.37501,22.4736,43.30
43315.37709,22.6612,43.29
43315.37918,22.5361,43.31
43315.38126,22.7863,42.62
43315.38334,22.5986,42.17
43315.38543,23.0364,41.65
43315.38751,23.2240,41.43
43315.38959,23.1615,41.90
43315.39168,23.4742,40.25
43315.39376,23.2240,40.18
43315.39584,23.4742,39.89
43315.39793,23.8493,38.67
43315.40001,23.5367,38.68
43315.40209,24.4120,38.68
43315.40418,24.5995,38.50
43315.40626,24.4120,37.10
43315.40834,24.9121,36.87
43315.41043,25.0371,36.64
43315.41251,24.7246,36.97
43315.41459,24.9746,36.18
43315.41668,25.2871,35.81
43315.41876,25.4121,35.45
43315.42084,25.0371,34.47
43315.42293,25.6621,35.23
43315.42501,25.6621,33.50
43315.42709,25.5371,32.29
43315.42918,26.0371,32.80
43315.43126,26.1621,31.15
43315.43334,26.4745,32.39
43315.43543,25.9746,32.17
43315.43751,27.0368,31.20
43315.43959,27.3491,30.98
43315.44168,26.9118,30.06
43315.44376,27.9738,29.29
43315.44584,28.0362,28.80
43315.44793,26.9743,30.36
43315.45001,27.5990,29.63
43315.45209,27.6615,29.18
43315.45418,26.7869,30.17
43315.45626,26.2245,31.49
43315.45834,26.7869,30.55
43315.46043,27.4741,29.74
43315.46251,28.0987,28.43
43315.46459,27.5990,30.09
43315.46668,26.8494,30.43
43315.46876,28.1612,28.22
43315.47084,28.5983,27.89
43315.47293,28.3485,28.16
43315.47501,28.2861,28.66
43315.47709,28.0987,28.09
43315.47918,28.3485,27.19
43315.48126,28.5359,27.42
43315.48334,28.8481,27.92
43315.48543,28.8481,26.61
43315.48751,28.1612,28.18
43315.48959,28.5983,26.71
43315.49168,28.9730,27.21
43315.49376,28.8481,26.39
43315.49584,28.2236,28.35
43315.49793,28.6608,28.86
43315.50001,29.5974,25.58
43315.50209,28.9106,25.21
43315.50418,29.5349,24.76
43315.50626,28.4734,26.61
43315.50834,29.0354,26.41
43315.51043,28.7857,26.00
43315.51251,29.7222,24.23
43315.51459,29.9720,24.09
43315.51668,30.5338,24.49
43315.51876,29.9720,24.73
43315.52084,30.2217,24.37
43315.52293,30.7210,23.22
43315.52501,31.1579,22.02
43315.52709,29.5349,24.34
43315.52918,30.0344,23.96
43315.53126,31.2827,22.47
43315.53334,31.5323,22.23
43315.53543,30.8459,22.38
43315.53751,31.0955,22.36
43315.53959,31.7195,22.34
43315.54168,31.4075,23.34
43315.54376,31.2827,22.21
43315.54584,31.4075,21.27
43315.54793,30.9707,25.18
43315.55001,30.3465,24.08
43315.55209,32.2187,22.26
43315.55418,33.8406,21.75
43315.55626,32.8426,22.29
43315.55834,32.4059,22.76
43315.56043,33.0297,20.40
43315.56251,32.8426,21.38
43315.56459,32.3435,21.41
43315.56668,31.8443,22.18
43315.56876,31.3451,21.35
43315.57084,31.2827,22.16
43315.57293,31.2827,22.16
43315.57501,31.7819,20.44
43315.57709,31.7195,22.04
43315.57918,30.2841,22.83
43315.58126,28.5983,24.71
43315.58334,27.7239,26.23
43315.58543,28.1612,25.60
43315.58751,28.7232,26.04
43315.58959,27.8489,25.48
43315.59168,27.8489,25.27
43315.59376,27.7864,25.17
43315.59584,27.7239,25.93
43315.59793,27.0368,25.93
43315.60001,26.6619,31.29
43315.60209,26.9743,34.22
43315.60418,29.1603,28.03
43315.60626,30.5338,27.25
43315.60834,32.0315,25.89
43315.61043,33.3416,25.78
43315.61251,34.5889,23.47
43315.61459,35.6488,22.29
43315.61668,36.4591,21.42
43315.61876,37.3315,19.63
43315.62084,37.9546,19.35
43315.62293,38.5775,19.77
43315.62501,39.0758,19.38
43315.62709,39.6364,18.69
43315.62918,40.0723,17.76
43315.63126,40.5704,17.10
43315.63334,41.0062,17.10
43315.63543,41.3797,16.96
43315.63751,41.7531,16.46
43315.63959,42.0643,17.16
43315.64168,42.4377,16.12
43315.64376,42.7488,16.38
43315.64584,43.0600,15.55
43315.64793,43.3710,14.37
43315.65001,43.7443,12.95
43315.65209,43.8687,13.92
43315.65418,43.9309,12.65
43315.65626,43.9931,12.02
43315.65834,43.8687,12.24
43315.66043,43.8687,13.01
43315.66251,43.8687,12.46
43315.66459,43.6821,12.90
43315.66668,43.5577,12.71
43315.66876,43.5577,11.89
43315.67084,43.4333,12.97
43315.67293,43.1844,13.40
43315.67501,42.8733,11.60
43315.67709,42.0643,14.69
43315.67918,41.3797,13.46
43315.68126,40.5704,13.92
43315.68334,39.3250,14.79
43315.68543,38.1415,16.45
43315.68751,36.3344,18.61
43315.68959,34.5265,19.25
43315.69168,33.2792,21.47
43315.69376,32.3435,23.23
43315.69584,31.4075,24.33
43315.69793,30.6586,22.36
43315.70001,30.1592,23.72
43315.70209,29.9720,23.53
43315.70418,29.7847,23.98
43315.70626,29.6598,24.39
43315.70834,29.5349,24.85
43315.71043,29.5349,24.42
43315.71251,29.4101,24.11
43315.71459,29.0354,23.68
43315.71668,28.5359,25.72
43315.71876,27.9113,26.12
43315.72084,27.3491,27.97
43315.72293,26.9118,28.80
43315.72501,27.6615,35.20
43315.72709,28.4734,34.67
43315.72918,28.9106,32.57
43315.73126,29.3476,30.41
43315.73334,29.8471,29.54
43315.73543,30.0968,28.73
43315.73751,30.2217,29.54
43315.73959,30.4714,28.73
43315.74168,30.4714,28.89
43315.74376,30.3465,28.16
43315.74584,30.5338,28.39
43315.74793,30.7210,27.74
43315.75001,31.0331,27.73
43315.75209,31.3451,27.94
43315.75418,31.7195,27.13
43315.75626,32.0939,26.70
43315.75834,31.8443,23.47
43315.76043,31.1579,26.69
43315.76251,30.7834,26.98
43315.76459,30.1592,27.00
43315.76668,29.5974,28.76
43315.76876,28.9730,29.99
43315.77084,28.4110,30.18
43315.77293,27.9738,30.76
43315.77501,27.5990,32.26
43315.77709,27.2867,32.81
43315.77918,27.0993,35.05
43315.78126,26.9118,38.22
43315.78334,26.7869,38.65
43315.78543,26.7869,39.74
43315.78751,26.9118,39.74
43315.78959,27.0993,40.94
43315.79168,27.1617,44.13
43315.79376,27.2867,42.83
43315.79584,27.3491,43.72
43315.79793,27.4116,44.28
43315.80001,27.4116,42.77
43315.80209,27.5365,42.10
43315.80418,27.7239,40.12
43315.80626,27.8489,41.26
43315.80834,28.0362,40.56
43315.81043,28.1612,39.92
43315.81251,28.3485,39.70
43315.81459,28.4734,38.83
43315.81668,28.4110,39.10
43315.81876,28.3485,38.41
43315.82084,28.0987,39.43
43315.82293,27.6615,38.78
43315.82501,27.0993,39.93
43315.82709,27.0368,41.17
43315.82918,26.9118,42.00
43315.83126,26.8494,41.71
43315.83334,26.7869,41.66
43315.83543,26.7244,40.42
43315.83751,26.6619,42.21
43315.83959,26.5994,41.60
43315.84168,26.4745,41.79
43315.84376,26.4120,42.10
43315.84584,26.3495,41.06
43315.84793,26.2870,41.73
43315.85001,26.1621,40.84
43315.85209,26.0996,41.67
43315.85418,26.0371,41.59
43315.85626,25.9121,41.61
43315.85834,25.7871,41.20
43315.86043,25.7246,41.67
43315.86251,25.5996,41.82
43315.86459,25.4746,41.69
43315.86668,25.4121,41.64
43315.86876,25.2871,41.07
43315.87084,25.2246,41.46
43315.87293,25.0996,41.21
43315.87501,25.0371,41.60
43315.87709,24.9121,41.60
43315.87918,24.8496,41.07
43315.88126,24.7246,41.97
43315.88334,24.6621,41.05
43315.88543,24.5370,41.35
43315.88751,24.4745,40.59
43315.88959,24.3495,41.34
43315.89168,24.2870,40.97
43315.89376,24.2245,41.56
43315.89584,24.0994,40.55
43315.89793,24.0369,40.90
43315.90001,23.9119,40.97
43315.90209,23.8493,40.81
43315.90418,23.7868,41.24
43315.90626,23.6618,40.83
43315.90834,23.5992,40.58
43315.91043,23.5367,40.61
43315.91251,23.4116,40.96
43315.91459,23.3491,40.52
43315.91668,23.2866,40.43
43315.91876,23.1615,40.78
43315.92084,23.0990,40.85
43315.92293,23.0364,41.05
43315.92501,22.9739,41.44
43315.92709,22.9114,40.55
43315.92918,22.7863,41.42
43315.93126,22.7237,40.70
43315.93334,22.6612,41.13
43315.93543,22.5986,41.33
43315.93751,22.5361,41.08
43315.93959,22.4110,40.91
43315.94168,22.3485,41.34
43315.94376,22.2859,40.94
43315.94584,22.1608,40.97
43315.94793,22.0983,41.12
43315.95001,22.0357,40.83
43315.95209,21.9732,41.27
43315.95418,21.9106,40.78
43315.95626,21.7855,41.21
43315.95834,21.7229,40.72
43315.96043,21.6604,41.16
43315.96251,21.5978,41.16
43315.96459,21.5353,41.03
43315.96668,21.4101,41.10
43315.96876,21.3476,41.41
43315.97084,21.2850,45.42
43315.97293,21.2224,47.80
43315.97501,21.0973,46.70
43315.97709,21.0973,45.75
43315.97918,21.0347,45.32
43315.98126,20.9722,45.11
43315.98334,20.9096,44.36
43315.98543,20.8470,43.80
43315.98751,20.7845,43.95
43315.98959,20.7219,44.06
43315.99168,20.6593,43.86
43315.99376,20.5967,43.62
43315.99584,20.5342,43.21
43315.99793,20.4090,42.96
43316.00001,20.3464,43.16
43316.00209,20.3464,42.72
43316.00418,20.2213,43.54
43316.00626,20.1587,43.58
43316.00834,20.0961,43.25
43316.01043,20.0335,43.09
43316.01251,19.9709,43.12
43316.01459,19.9083,43.40
43316.01668,19.8458,43.35
43316.01876,19.7206,43.14
43316.02084,19.6580,42.54
43316.02293,19.5954,43.09
43316.02501,19.5328,43.17
43316.02709,19.4702,43.12
43316.02918,19.4076,43.51
43316.03126,19.3450,43.43
43316.03334,19.2824,43.07
43316.03543,19.2198,43.34
43316.03751,19.1572,43.14
43316.03959,19.0946,43.41
43316.04168,19.0320,42.89
43316.04376,19.0320,43.52
43316.04584,18.9068,43.23
43316.04793,18.9068,43.39
43316.05001,18.8442,43.47
43316.05209,18.7816,42.98
43316.05418,18.7190,44.25
43316.05626,18.6564,43.17
43316.05834,18.5938,43.25
43316.06043,18.5312,43.16
43316.06251,18.4686,43.08
43316.06459,18.4060,43.35
43316.06668,18.4060,43.43
43316.06876,18.3434,43.43
43316.07084,18.2808,43.58
43316.07293,18.2181,43.38
43316.07501,18.1555,43.65
43316.07709,18.0929,43.17
43316.07918,18.0303,43.48
43316.08126,18.0303,43.44
43316.08334,17.9677,43.95
43316.08543,17.9051,43.71
43316.08751,17.8424,43.62
43316.08959,17.7798,43.98
43316.09168,17.7798,43.74
43316.09376,17.7172,43.74
43316.09584,17.6546,43.41
43316.09793,17.5920,43.76
43316.10001,17.5920,43.76
43316.10209,17.5293,43.52
43316.10418,17.4667,43.83
43316.10626,17.4041,43.67
43316.10834,17.4041,43.11
43316.11043,17.3415,43.31
43316.11251,17.2788,43.54
43316.11459,17.2162,43.46
43316.11668,17.2162,43.46
43316.11876,17.1536,43.53
43316.12084,17.0909,43.80
43316.12293,17.0283,44.12
43316.12501,17.0283,44.12
43316.12709,16.9657,43.36
43316.12918,16.9030,43.95
43316.13126,16.9030,44.27
43316.13334,16.8404,43.94
43316.13543,16.7778,43.62
43316.13751,16.7778,43.62
43316.13959,16.7151,45.16
43316.14168,16.6525,43.77
43316.14376,16.5899,43.33
43316.14584,16.5272,43.64
43316.14793,16.5272,44.36
43316.15001,16.4646,43.44
43316.15209,16.4646,44.03
43316.15418,16.4019,44.59
43316.15626,16.3393,44.38
43316.15834,16.3393,43.63
43316.16043,16.2767,43.66
43316.16251,16.2140,44.14
43316.16459,16.2140,44.41
43316.16668,16.1514,43.73
43316.16876,16.0887,44.09
43316.17084,16.0887,43.77
43316.17293,16.0261,44.12
43316.17501,15.9634,44.63
43316.17709,15.9634,45.86
43316.17918,15.9008,43.55
43316.18126,15.9008,43.99
43316.18334,15.8381,43.99
43316.18543,15.8381,44.03
43316.18751,15.7755,44.58
43316.18959,15.7755,44.42
43316.19168,15.7128,43.70
43316.19376,15.7128,43.94
43316.19584,15.7128,44.62
43316.19793,15.6502,44.29
43316.20001,15.6502,43.89
43316.20209,15.6502,44.01
43316.20418,15.6502,44.21
43316.20626,15.6502,44.33
43316.20834,15.6502,44.45
43316.21043,15.6502,44.41
43316.21251,15.6502,44.17
43316.21459,15.6502,43.78
43316.21668,15.6502,44.21
43316.21876,15.7128,43.82
43316.22084,15.7128,44.34
43316.22293,15.7128,44.30
43316.22501,15.7128,43.90
43316.22709,15.7128,44.34
43316.22918,15.7128,43.90
43316.23126,15.7128,44.85
43316.23334,15.7128,44.34
43316.23543,15.7128,44.18
43316.23751,15.7128,43.70
43316.23959,15.7128,44.93
43316.24168,15.7755,43.78
43316.24376,15.7755,43.27
43316.24584,15.7755,43.78
43316.24793,15.7755,43.94
43316.25001,15.7755,43.59
43316.25209,15.7755,43.51
43316.25418,15.7755,43.82
43316.25626,15.7755,43.39
43316.25834,15.7755,43.70
43316.26043,15.8381,43.31
43316.26251,15.8381,43.67
43316.26459,15.8381,43.91
43316.26668,15.8381,43.79
43316.26876,15.8381,43.99
43316.27084,15.8381,43.47
43316.27293,15.9008,43.79
43316.27501,15.9008,43.99
43316.27709,15.9008,43.36
43316.27918,15.9008,43.44
43316.28126,15.9008,43.24
43316.28334,15.9634,43.48
43316.28543,15.9634,43.16
43316.28751,15.9634,43.80
43316.28959,16.0261,43.84
43316.29168,16.0261,43.84
43316.29376,16.0261,43.96
43316.29584,16.0887,42.89
43316.29793,16.0887,43.41
43316.30001,16.1514,43.69
43316.30209,16.1514,43.61
43316.30418,16.2140,43.58
43316.30626,16.2140,43.74
43316.30834,16.2767,43.38
43316.31043,16.3393,44.07
43316.31251,16.3393,42.47
43316.31459,16.4019,42.95
43316.31668,16.4646,43.28
43316.31876,16.5272,43.28
43316.32084,16.5899,43.25
43316.32293,16.6525,43.29
43316.32501,16.7151,42.78
43316.32709,16.7778,43.34
43316.32918,16.8404,43.55
43316.33126,16.9030,42.67
43316.33334,16.9657,42.67
43316.33543,17.0283,43.00
43316.33751,17.0909,42.61
43316.33959,17.1536,42.29
43316.34168,17.2162,42.06
43316.34376,17.3415,42.23
43316.34584,17.4041,42.27
43316.34793,17.4667,42.04
43316.35001,17.5293,41.92
43316.35209,17.5920,42.01
43316.35418,17.7172,42.62
43316.35626,17.7798,41.54
43316.35834,17.9051,42.15
43316.36043,17.9677,41.44
43316.36251,18.0929,41.61
43316.36459,18.2181,41.58
43316.36668,18.2808,41.42
43316.36876,18.3434,41.11
43316.37084,18.4686,41.48
43316.37293,18.5938,41.13
43316.37501,18.7190,41.94
43316.37709,18.8442,41.75
43316.37918,18.9694,41.84
43316.38126,19.0946,40.89
43316.38334,19.2824,41.23
43316.38543,19.4076,41.23
43316.38751,19.5328,41.41
43316.38959,19.7206,40.62
43316.39168,19.8458,41.00
43316.39376,19.9709,40.40
43316.39584,20.1587,40.26
43316.39793,20.3464,40.12
43316.40001,20.5342,40.05
43316.40209,20.7219,40.51
43316.40418,20.9096,39.48
43316.40626,21.0973,39.38
43316.40834,21.2224,39.23
43316.41043,21.4101,39.12
43316.41251,21.5978,38.58
43316.41459,21.7229,38.51
43316.41668,21.9106,38.20
43316.41876,21.9732,38.37
43316.42084,22.0357,38.25
43316.42293,22.0357,38.37
43316.42501,21.9732,38.21
43316.42709,21.9106,38.12
43316.42918,21.7855,38.39
43316.43126,21.7229,37.90
43316.43334,21.5978,38.90
43316.43543,21.4727,39.13
43316.43751,21.4101,38.68
43316.43959,21.2850,38.59
43316.44168,21.1599,38.59
43316.44376,21.0973,38.97
43316.44584,20.9722,39.00
43316.44793,20.9096,39.12
43316.45001,20.8470,39.40
43316.45209,20.7845,39.67
43316.45418,20.7219,38.82
43316.45626,20.6593,38.89
43316.45834,20.6593,39.18
43316.46043,20.5967,40.42
43316.46251,20.5967,40.66
43316.46459,20.5967,41.82
43316.46668,20.5967,41.74
43316.46876,20.5967,42.38
43316.47084,20.5967,42.38
43316.47293,20.5967,42.86
43316.47501,20.5967,42.70
43316.47709,20.5967,43.89
43316.47918,20.5967,42.70
43316.48126,20.5967,43.42
43316.48334,20.5967,43.62
43316.48543,20.6593,43.70
43316.48751,20.6593,44.41
43316.48959,20.6593,43.98
43316.49168,20.7219,44.66
43316.49376,20.7219,44.70
43316.49584,20.7845,44.62
43316.49793,20.7845,45.49
43316.50001,20.8470,45.73
43316.50209,20.8470,45.18
43316.50418,20.9096,45.93
43316.50626,20.9722,45.78
43316.50834,21.0347,45.94
43316.51043,21.0347,46.02
43316.51251,21.0973,45.71
43316.51459,21.1599,45.44
43316.51668,21.2224,46.20
43316.51876,21.3476,46.13
43316.52084,21.5353,46.46
43316.52293,21.7229,46.55
43316.52501,22.0357,46.50
43316.52709,22.4736,46.03
43316.52918,22.9739,46.12
43316.53126,23.5367,45.86
43316.53334,24.2245,44.94
43316.53543,24.9121,44.06
43316.53751,25.7246,42.83
43316.53959,26.5370,41.60
43316.54168,27.3491,40.56
43316.54376,28.2236,39.53
43316.54584,28.9730,37.83
43316.54793,29.7222,36.85
43316.55001,30.4714,36.45
43316.55209,31.2203,35.10
43316.55418,31.9691,34.11
43316.55626,32.6554,32.86
43316.55834,33.2792,32.64
43316.56043,33.9029,31.46
43316.56251,34.4642,30.27
43316.56459,35.0253,30.42
43316.56668,35.5241,29.76
43316.56876,35.9604,28.62
43316.57084,36.4591,28.85
43316.57293,36.8953,28.01
43316.57501,37.3938,27.34
43316.57709,37.8300,26.84
43316.57918,38.2661,25.82
43316.58126,38.7021,26.12
43316.58334,39.0758,25.61
43316.58543,39.0758,24.96
43316.58751,38.5153,23.12
43316.58959,38.8267,23.03
43316.59168,39.6364,24.11
43316.59376,39.5741,24.37
43316.59584,39.1381,21.53
43316.59793,37.8300,23.70
43316.60001,36.8953,24.76
43316.60209,36.0851,25.10
43316.60418,34.3395,27.38
43316.60626,33.1545,29.23
43316.60834,32.7802,29.15
43316.61043,32.5930,29.68
43316.61251,32.4059,31.16
43316.61459,32.1563,31.55
43316.61668,31.9691,32.12
43316.61876,31.7819,32.22
43316.62084,31.5947,32.32
43316.62293,31.4075,33.26
43316.62501,31.2203,34.06
43316.62709,31.0331,32.93
43316.62918,30.8459,33.77
43316.63126,30.6586,34.54
43316.63334,30.5338,34.77
43316.63543,30.3465,35.24
43316.63751,30.2217,34.94
43316.63959,30.0344,34.71
43316.64168,29.9095,35.56
43316.64376,29.7222,35.56
43316.64584,29.5974,35.28
43316.64793,29.4725,35.10
43316.65001,29.0979,36.33
43316.65209,29.4101,36.33
43316.65418,29.4725,36.74
43316.65626,29.4725,36.33
43316.65834,29.4725,35.97
43316.66043,29.4101,36.49
43316.66251,29.4101,36.16
43316.66459,29.3476,36.16
43316.66668,29.2228,36.88
43316.66876,29.1603,37.32
43316.67084,28.9730,36.44
43316.67293,28.7857,36.38
43316.67501,28.7232,37.19
43316.67709,29.0354,36.08
43316.67918,29.0354,36.74
43316.68126,29.2852,36.19
43316.68334,29.4725,37.15
43316.68543,29.5974,36.59
43316.68751,29.6598,36.80
43316.68959,29.7222,36.20
43316.69168,29.7222,36.08
43316.69376,29.7222,36.28
43316.69584,29.7222,36.03
43316.69793,29.7222,35.58
43316.70001,29.6598,36.11
43316.70209,29.5974,36.72
43316.70418,29.5349,35.40
43316.70626,29.5349,36.06
43316.70834,29.4725,35.76
43316.71043,29.4725,35.97
43316.71251,29.4101,36.74
43316.71459,29.3476,36.16
43316.71668,29.2852,36.40
43316.71876,29.1603,37.69
43316.72084,29.0979,36.25
43316.72293,29.0354,36.74
43316.72501,28.9730,36.57
43316.72709,28.9730,36.85
43316.72918,28.9106,37.50
43316.73126,28.7857,37.03
43316.73334,28.7857,36.91
43316.73543,28.7232,37.27
43316.73751,28.5983,36.44
43316.73959,28.5359,36.97
43316.74168,28.4734,36.43
43316.74376,28.5359,36.93
43316.74584,28.4734,36.80
43316.74793,28.4734,37.12
43316.75001,28.4734,37.08
43316.75209,28.3485,37.03
43316.75418,28.2861,37.27
43316.75626,28.1612,37.66
43316.75834,28.1612,36.11
43316.76043,28.0987,36.84
43316.76251,28.0362,37.60
43316.76459,28.0362,37.73
43316.76668,28.0362,37.56
43316.76876,28.0362,37.52
43316.77084,28.0362,38.34
43316.77293,28.0362,38.46
43316.77501,28.0987,37.45
43316.77709,28.2236,38.03
43316.77918,28.2861,37.92
43316.78126,28.4110,38.21
43316.78334,28.5983,37.99
43316.78543,28.7232,38.09
43316.78751,28.4734,36.88
43316.78959,28.8481,34.42
43316.79168,28.6608,34.69
43316.79376,28.0362,35.81
43316.79584,28.2861,35.06
43316.79793,28.2236,34.76
43316.80001,27.9113,35.55
43316.80209,28.5359,36.52
43316.80418,28.8481,34.71
43316.80626,29.2852,35.70
43316.80834,29.6598,33.97
43316.81043,29.7222,32.90
43316.81251,30.0344,32.86
43316.81459,30.4089,33.85
43316.81668,30.7834,33.23
43316.81876,30.5338,31.83
43316.82084,30.3465,32.68
43316.82293,30.1592,32.54
43316.82501,30.0344,33.23
43316.82709,29.8471,32.83
43316.82918,29.7222,34.06
43316.83126,29.6598,34.43
43316.83334,29.5349,34.91
43316.83543,29.1603,39.39
43316.83751,29.1603,39.59
43316.83959,29.4725,38.41
43316.84168,30.0344,38.35
43316.84376,30.2841,37.89
43316.84584,30.4089,37.70
43316.84793,29.7847,37.51
43316.85001,29.2228,37.20
43316.85209,29.3476,37.34
43316.85418,29.0979,37.64
43316.85626,28.7232,37.88
43316.85834,28.4110,38.17
43316.86043,28.0987,38.50
43316.86251,29.3476,38.15
43316.86459,30.2217,37.48
43316.86668,30.7834,36.56
43316.86876,30.5338,36.29
43316.87084,29.4101,36.29
43316.87293,29.0979,36.46
43316.87501,29.0354,37.18
43316.87709,30.2217,36.01
43316.87918,30.9083,35.84
43316.88126,31.4075,35.49
43316.88334,31.6571,35.80
43316.88543,30.7210,35.12
43316.88751,29.6598,34.47
43316.88959,29.4101,34.11
43316.89168,30.5338,33.95
43316.89376,29.3476,34.19
43316.89584,28.7232,34.69
43316.89793,28.0987,33.97
43316.90001,28.8481,34.71
43316.90209,30.0344,34.51
43316.90418,30.7834,34.63
43316.90626,31.2827,34.20
43316.90834,31.0955,33.72
43316.91043,31.1579,33.35
43316.91251,31.2827,32.95
43316.91459,31.5947,32.66
43316.91668,31.3451,32.34
43316.91876,31.5947,32.53
43316.92084,31.7195,32.26
43316.92293,31.4075,32.01
43316.92501,31.4699,32.01
43316.92709,31.4075,32.09
43316.92918,31.1579,32.23
43316.93126,30.0344,31.98
43316.93334,29.6598,33.19
43316.93543,30.0344,32.73
43316.93751,30.2841,33.01
43316.93959,30.4089,34.30
43316.94168,30.3465,33.88
43316.94376,30.2217,33.46
43316.94584,30.2217,34.03
43316.94793,30.0344,34.88
43316.95001,30.9083,35.06
43316.95209,31.0331,34.91
43316.95418,30.0968,34.93
43316.95626,28.9106,34.84
43316.95834,28.7857,35.36
43316.96043,28.5359,35.95
43316.96251,28.5983,36.20
43316.96459,28.7232,37.72
43316.96668,29.9720,37.45
43316.96876,30.5338,37.31
43316.97084,30.8459,37.51
43316.97293,30.9707,37.56
43316.97501,31.0955,36.93
43316.97709,31.0955,37.09
43316.97918,31.0331,37.00
43316.98126,30.4714,36.69
43316.98334,29.4101,37.55
43316.98543,28.7232,38.57
43316.98751,28.2861,38.73
43316.98959,30.1592,38.45
43316.99168,29.7222,38.44
43316.99376,30.8459,37.55
43316.99584,31.2203,37.88
43316.99793,31.1579,37.95
43317.00001,30.8459,37.14
43317.00209,31.4699,36.64
43317.00418,29.9720,36.72
43317.00626,27.7239,36.96
43317.00834,27.2867,39.15
43317.01043,27.2867,39.19
43317.01251,28.7232,39.70
43317.01459,28.2236,40.58
43317.01668,28.0362,40.92
43317.01876,27.9738,41.43
43317.02084,28.6608,40.58
43317.02293,28.2236,40.78
43317.02501,29.3476,41.98
43317.02709,29.7222,40.18
43317.02918,28.9730,39.77
43317.03126,30.0344,39.73
43317.03334,30.5338,39.71
43317.03543,30.7834,38.88
43317.03751,30.8459,39.46
43317.03959,30.8459,38.69
43317.04168,30.9083,39.34
43317.04376,30.9083,39.99
43317.04584,30.9083,39.83
43317.04793,30.9083,40.15
43317.05001,30.8459,39.78
43317.05209,30.8459,39.86
43317.05418,30.8459,40.14
43317.05626,31.0331,40.00
43317.05834,31.2827,39.63
43317.06043,31.5323,39.63
43317.06251,31.5323,39.86
43317.06459,31.4699,40.02
43317.06668,31.4699,40.02
43317.06876,31.4699,39.21
43317.07084,31.4699,39.97
43317.07293,31.2827,40.20
43317.07501,31.2827,40.15
43317.07709,31.2203,40.51
43317.07918,31.1579,40.10
43317.08126,30.5338,40.11
43317.08334,30.5338,40.67
43317.08543,31.0331,40.67
43317.08751,31.1579,40.46
43317.08959,31.2203,39.86
43317.09168,31.1579,40.62
43317.09376,29.8471,41.08
43317.09584,29.2852,41.21
43317.09793,29.2228,41.13
43317.10001,28.7232,41.11
43317.10209,28.3485,41.91
43317.10418,27.9113,41.94
43317.10626,27.5365,41.70
43317.10834,27.1617,42.42
43317.11043,26.8494,42.59
43317.11251,26.5994,41.52
43317.11459,26.4120,42.06
43317.11668,26.2245,42.88
43317.11876,26.0371,41.87
43317.12084,25.9121,43.09
43317.12293,25.7871,43.04
43317.12501,25.7246,42.99
43317.12709,25.5996,42.99
43317.12918,25.4746,43.04
43317.13126,25.4121,42.92
43317.13334,25.3496,43.39
43317.13543,25.2871,44.14
43317.13751,25.2246,44.45
43317.13959,25.1621,44.60
43317.14168,25.0996,44.16
43317.14376,25.0371,44.58
43317.14584,25.0371,45.02
43317.14793,24.9746,44.74
43317.15001,24.9121,45.20
43317.15209,24.9121,45.79
43317.15418,24.8496,45.87
43317.15626,24.8496,45.94
43317.15834,24.7871,46.10
43317.16043,24.7871,46.37
43317.16251,24.7246,46.01
43317.16459,24.7246,46.79
43317.16668,24.7246,46.72
43317.16876,24.6621,46.63
43317.17084,24.6621,47.30
43317.17293,24.6621,47.57
43317.17501,24.5995,47.80
43317.17709,24.5995,47.52
43317.17918,24.5370,47.64
43317.18126,24.5370,47.79
43317.18334,24.5370,47.75
43317.18543,24.4745,47.86
43317.18751,24.4745,48.14
43317.18959,24.4745,48.06
43317.19168,24.4745,48.52
43317.19376,24.4120,48.32
43317.19584,24.4120,48.32
43317.19793,24.4120,48.64
43317.20001,24.3495,48.71
43317.20209,24.3495,48.59
43317.20418,24.3495,48.86
43317.20626,24.2870,49.01
43317.20834,24.2870,49.28
43317.21043,24.2870,49.17
43317.21251,24.2870,49.44
43317.21459,24.2245,50.05
43317.21668,24.2245,49.04
43317.21876,24.2245,49.20
43317.22084,24.1619,49.66
43317.22293,24.1619,49.73
43317.22501,24.1619,50.16
43317.22709,24.1619,49.77
43317.22918,24.1619,50.08
43317.23126,24.0994,50.15
43317.23334,24.0994,50.46
43317.23543,24.0994,49.92
43317.23751,24.0994,50.23
43317.23959,24.0369,50.38
43317.24168,24.0369,50.38
43317.24376,24.0369,50.34
43317.24584,24.0369,50.69
43317.24793,24.0369,50.46
43317.25001,23.9744,50.30
43317.25209,23.9744,50.53
43317.25418,23.9744,50.33
43317.25626,23.9744,50.49
43317.25834,23.9744,50.22
43317.26043,23.9119,50.91
43317.26251,23.9119,50.98
43317.26459,23.9119,51.25
43317.26668,23.9119,51.48
43317.26876,23.9119,51.63
43317.27084,23.9119,51.52
43317.27293,23.8493,51.02
43317.27501,23.8493,51.32
43317.27709,23.8493,51.32
43317.27918,23.8493,51.71
43317.28126,23.8493,51.48
43317.28334,23.7868,51.97
43317.28543,23.7868,52.01
43317.28751,23.7868,52.16
43317.28959,23.7868,52.08
43317.29168,23.7868,51.47
43317.29376,23.7868,51.74
43317.29584,23.7868,51.89
43317.29793,23.7868,52.20
43317.30001,23.7868,51.74
43317.30209,23.7868,52.24
43317.30418,23.7243,52.31
43317.30626,23.7243,52.19
43317.30834,23.7243,52.19
43317.31043,23.7243,52.15
43317.31251,23.7243,52.76
43317.31459,23.7243,52.23
43317.31668,23.7243,52.54
43317.31876,23.7243,52.34
43317.32084,23.6618,52.49
43317.32293,23.6618,52.83
43317.32501,23.6618,52.76
43317.32709,23.6618,52.38
43317.32918,23.6618,53.06
43317.33126,23.6618,52.30
43317.33334,23.6618,53.14
43317.33543,23.6618,52.95
43317.33751,23.6618,52.91
43317.33959,23.5992,53.32
43317.34168,23.5992,53.06
43317.34376,23.5992,52.83
43317.34584,23.5992,53.93
43317.34793,23.5992,53.21
43317.35001,23.5992,52.83
43317.35209,23.5992,53.06
43317.35418,23.5992,52.91
43317.35626,23.5992,53.59
43317.35834,23.5992,53.29
43317.36043,23.5992,53.29
43317.36251,23.5992,52.91
43317.36459,23.5367,53.24
43317.36668,23.5367,53.01
43317.36876,23.5367,53.05
43317.37084,23.5367,53.32
43317.37293,23.5367,53.36
43317.37501,23.5367,53.85
43317.37709,23.5367,53.43
43317.37918,23.5367,53.43
43317.38126,23.5367,53.74
43317.38334,23.5367,53.51
43317.38543,23.5367,53.58
43317.38751,23.5367,53.70
43317.38959,23.5367,53.58
43317.39168,23.5367,54.04
43317.39376,23.5367,54.30
43317.39584,23.5367,54.19
43317.39793,23.5367,53.96
43317.40001,23.5367,54.27
43317.40209,23.5367,54.15
43317.40418,23.5367,54.34
43317.40626,23.5367,53.89
43317.40834,23.5367,54.34
43317.41043,23.5367,54.04
43317.41251,23.5992,53.82
43317.41459,23.5992,54.01
43317.41668,23.6618,54.96
43317.41876,23.6618,54.73
43317.42084,23.6618,54.39
43317.42293,23.6618,54.81
43317.42501,23.6618,54.54
43317.42709,23.7243,54.44
43317.42918,23.7243,54.93
43317.43126,23.7243,54.44
43317.43334,23.7243,53.68
43317.43543,23.7868,54.63
43317.43751,23.7868,55.08
43317.43959,23.7243,54.09
43317.44168,23.7243,54.44
43317.44376,23.6618,54.51
43317.44584,23.5992,54.01
43317.44793,23.5367,54.46
43317.45001,23.4742,55.13
43317.45209,23.4116,55.43
43317.45418,23.3491,53.91
43317.45626,23.2866,55.23
43317.45834,23.2866,55.19
43317.46043,23.2240,54.62
43317.46251,23.1615,54.69
43317.46459,23.1615,55.22
43317.46668,23.0990,55.10
43317.46876,23.0364,55.02
43317.47084,23.0364,54.90
43317.47293,23.0364,55.09
43317.47501,23.0364,54.75
43317.47709,22.9739,55.43
43317.47918,22.9739,55.65
43317.48126,22.9739,55.12
43317.48334,22.9739,54.94
43317.48543,22.9739,55.28
43317.48751,22.9739,55.31
43317.48959,22.9114,55.35
43317.49168,22.9739,55.46
43317.49376,22.9114,55.76
43317.49584,22.9114,55.46
43317.49793,22.9114,55.68
43317.50001,22.9114,55.53
43317.50209,22.9114,54.97
43317.50418,22.9114,55.83
43317.50626,22.9114,55.91
43317.50834,22.9114,55.53
43317.51043,22.9114,55.35
43317.51251,22.9114,56.10
43317.51459,22.9114,55.57
43317.51668,22.9114,56.06
43317.51876,22.9114,56.10
43317.52084,22.9114,56.06
43317.52293,22.9114,55.68
43317.52501,22.9114,55.83
43317.52709,22.9114,56.02
43317.52918,22.9114,56.02
43317.53126,22.9114,56.14
43317.53334,22.9114,56.51
43317.53543,22.9739,56.33
43317.53751,22.9739,56.55
43317.53959,22.9739,56.25
43317.54168,22.9739,55.58
43317.54376,22.9739,56.52
43317.54584,22.9739,56.14
43317.54793,22.9739,55.99
43317.55001,22.9739,56.22
43317.55209,22.9739,55.73
43317.55418,22.9739,57.04
43317.55626,22.9739,56.52
43317.55834,22.9739,56.93
43317.56043,22.9739,56.40
43317.56251,22.9739,56.48
43317.56459,22.9739,56.89
43317.56668,22.9739,56.48
43317.56876,23.0364,56.93
43317.57084,23.0364,56.75
43317.57293,23.0364,56.78
43317.57501,23.0364,57.01
43317.57709,23.0364,56.56
43317.57918,23.0364,56.90
43317.58126,23.0364,57.05
43317.58334,23.0364,56.75
43317.58543,23.0364,57.16
43317.58751,23.0364,56.75
43317.58959,23.0364,56.90
43317.59168,23.0364,56.33
43317.59376,23.0990,56.98
43317.59584,23.0990,57.05
43317.59793,23.0990,56.86
43317.60001,23.0990,56.45
43317.60209,23.0990,56.98
43317.60418,23.0990,57.31
43317.60626,23.0990,57.20
43317.60834,23.0990,56.90
43317.61043,23.0990,57.24
43317.61251,23.0990,56.41
43317.61459,23.1615,56.72
43317.61668,23.1615,57.36
43317.61876,23.1615,56.94
43317.62084,23.1615,56.91
43317.62293,23.1615,57.13
43317.62501,23.1615,57.62
43317.62709,23.1615,57.17
43317.62918,23.1615,56.91
43317.63126,23.1615,57.24
43317.63334,23.1615,57.28
43317.63543,23.1615,57.17
43317.63751,23.1615,57.32
43317.63959,23.1615,57.28
43317.64168,23.1615,57.73
43317.64376,23.1615,57.54
43317.64584,23.1615,57.02
43317.64793,23.1615,57.62
43317.65001,23.1615,57.36
43317.65209,23.1615,57.09
43317.65418,23.1615,57.50
43317.65626,23.1615,57.32
43317.65834,23.1615,57.65
43317.66043,23.1615,57.39
43317.66251,23.1615,57.36
43317.66459,23.1615,58.14
43317.66668,23.1615,57.80
43317.66876,23.1615,57.77
43317.67084,23.1615,57.54
43317.67293,23.1615,57.28
43317.67501,23.1615,57.62
43317.67709,23.1615,57.54
43317.67918,23.1615,57.28
43317.68126,23.1615,57.88
43317.68334,23.1615,57.99
43317.68543,23.1615,57.80
43317.68751,23.1615,57.95
43317.68959,23.2240,57.81
43317.69168,23.2240,58.07
43317.69376,23.2240,57.58
43317.69584,23.2240,57.66
43317.69793,23.2240,57.77
43317.70001,23.2240,57.73
43317.70209,23.2240,58.07
43317.70418,23.1615,58.21
43317.70626,23.2240,57.73
43317.70834,23.2240,57.51
43317.71043,23.2240,57.70
43317.71251,23.2240,58.33
43317.71459,23.2240,57.77
43317.71668,23.2240,57.62
43317.71876,23.2240,58.14
43317.72084,23.2240,58.25
43317.72293,23.2240,57.92
43317.72501,23.2240,58.14
43317.72709,23.2240,57.99
43317.72918,23.2240,57.40
43317.73126,23.2240,57.73
43317.73334,23.2240,57.77
43317.73543,23.2240,58.18
43317.73751,23.2240,57.81
43317.73959,23.2240,58.51
43317.74168,23.2240,57.99
43317.74376,23.2240,58.14
43317.74584,23.2240,58.37
43317.74793,23.2240,57.73
43317.75001,23.2240,58.29
43317.75209,23.2240,58.03
43317.75418,23.2240,58.74
43317.75626,23.2240,58.37
43317.75834,23.2240,58.18
43317.76043,23.2240,58.40
43317.76251,23.2240,58.03
43317.76459,23.2240,58.33
43317.76668,23.2240,57.99
43317.76876,23.2240,58.22
43317.77084,23.2240,58.51
43317.77293,23.2240,58.03
43317.77501,23.2240,58.18
43317.77709,23.2240,57.99
43317.77918,23.2240,57.85
43317.78126,23.2240,58.33
43317.78334,23.2240,58.07
43317.78543,23.2240,58.22
43317.78751,23.2240,57.96
43317.78959,23.2240,58.63
43317.79168,23.2240,58.29
43317.79376,23.2240,58.59
43317.79584,23.2240,58.11
43317.79793,23.2240,58.29
43317.80001,23.2240,58.40
43317.80209,23.2240,59.03
43317.80418,23.2240,58.74
43317.80626,23.2240,58.44
43317.80834,23.2240,58.70
43317.81043,23.2240,59.00
43317.81251,23.2240,58.48
43317.81459,23.2240,58.25
43317.81668,23.2240,58.51
43317.81876,23.2240,59.11
43317.82084,23.2240,58.22
43317.82293,23.2240,58.66
43317.82501,23.2240,58.70
43317.82709,23.2240,58.40
43317.82918,23.2240,58.81
43317.83126,23.2240,58.85
43317.83334,23.2240,58.29
43317.83543,23.2240,59.00
43317.83751,23.2240,58.33
43317.83959,23.2240,58.59
43317.84168,23.2866,58.97
43317.84376,23.2240,58.92
-end-
