"Riffell Lab",7/30/2018
"Timezone",-7

"Serial No.","FD00000048732241"
"Location:",""
"Date - Time","Temperature (°C)","Humidity %"
43306.64862,26.1,68.7
43306.65071,25.6,66.3
43306.65279,26.6,65.3
43306.65487,30.1,62.7
43306.65696,30.6,59.2
43306.65904,30.1,56.7
43306.66112,30.6,54.3
43306.66321,31.6,52.6
43306.66529,31.6,52.0
43306.66737,31.6,50.7
43306.66946,31.6,50.1
43306.67154,30.6,50.1
43306.67362,31.1,49.4
43306.67571,31.1,48.8
43306.67779,30.6,48.1
43306.67987,31.6,48.1
43306.68196,32.1,47.0
43306.68404,31.6,47.6
43306.68612,31.6,46.3
43306.68821,31.6,46.3
43306.69029,31.6,46.9
43306.69237,32.1,46.9
43306.69446,31.6,46.3
43306.69654,31.6,46.9
43306.69862,31.1,45.0
43306.70071,28.6,45.9
43306.70279,27.6,46.5
43306.70487,28.1,47.2
43306.70696,28.6,47.8
43306.70904,28.1,47.8
43306.71112,28.6,47.8
43306.71321,29.6,48.6
43306.71529,30.6,50.0
43306.71737,29.6,49.2
43306.71946,30.1,49.2
43306.72154,30.6,48.7
43306.72362,32.1,47.0
43306.72571,32.1,45.1
43306.72779,32.6,43.8
43306.72987,32.6,43.8
43306.73196,32.1,43.8
43306.73404,31.6,43.8
43306.73612,31.6,44.4
43306.73821,32.6,43.8
43306.74029,32.1,42.5
43306.74237,32.1,42.5
43306.74446,31.1,42.5
43306.74654,31.6,43.1
43306.74862,33.1,43.1
43306.75071,33.6,44.6
43306.75279,33.6,44.6
43306.75487,33.6,45.2
43306.75696,33.1,44.5
43306.75904,32.1,43.1
43306.76112,33.1,43.1
43306.76321,34.6,42.1
43306.76529,36.1,41.0
43306.76737,36.1,39.0
43306.76946,36.1,38.4
43306.77154,36.6,37.8
43306.77362,34.1,37.8
43306.77571,32.1,37.8
43306.77779,31.1,39.1
43306.77987,29.6,39.6
43306.78196,31.1,41.1
43306.78404,32.1,41.1
43306.78612,33.1,41.1
43306.78821,33.1,42.6
43306.79029,33.1,40.6
43306.79237,33.1,40.0
43306.79446,33.1,39.3
43306.79654,33.1,37.3
43306.79862,33.1,36.7
43306.80071,33.1,35.3
43306.80279,33.1,34.7
43306.80487,33.1,35.3
43306.80696,33.6,34.7
43306.80904,33.6,33.4
43306.81112,33.6,33.4
43306.81321,34.1,32.1
43306.81529,34.1,32.8
43306.81737,34.1,32.1
43306.81946,34.1,32.1
43306.82154,34.6,32.1
43306.82362,34.1,31.4
43306.82571,34.1,31.4
43306.82779,34.6,31.4
43306.82987,34.6,31.4
43306.83196,34.1,30.0
43306.83404,34.1,29.4
43306.83612,34.1,30.0
43306.83821,34.6,30.8
43306.84029,34.6,29.4
43306.84237,35.1,30.2
43306.84446,35.1,30.2
43306.84654,35.1,30.2
43306.84862,35.6,30.2
43306.85071,35.6,31.6
43306.85279,35.6,30.9
43306.85487,35.6,30.2
43306.85696,35.6,30.9
43306.85904,35.6,30.2
43306.86112,35.1,28.8
43306.86321,33.6,27.2
43306.86529,31.6,29.1
43306.86737,31.6,29.1
43306.86946,32.1,29.1
43306.87154,32.6,29.9
43306.87362,32.6,29.9
43306.87571,33.1,31.3
43306.87779,33.1,32.7
43306.87987,33.1,34.0
43306.88196,33.6,34.7
43306.88404,33.6,35.4
43306.88612,33.6,36.1
43306.88821,33.6,37.4
43306.89029,33.6,38.7
43306.89237,33.6,40.0
43306.89446,33.6,40.7
43306.89654,33.6,40.7
43306.89862,33.6,42.7
43306.90071,33.1,42.7
43306.90279,32.6,43.2
43306.90487,32.6,41.9
43306.90696,32.6,41.9
43306.90904,32.6,40.6
43306.91112,33.1,41.3
43306.91321,34.6,42.1
43306.91529,34.6,41.5
43306.91737,34.1,43.4
43306.91946,33.6,42.7
43306.92154,32.1,40.5
43306.92362,31.6,37.8
43306.92571,30.6,36.4
43306.92779,30.6,34.4
43306.92987,30.1,34.4
43306.93196,30.1,34.4
43306.93404,29.6,35.0
43306.93612,29.6,34.3
43306.93821,29.6,34.3
43306.94029,29.6,34.3
43306.94237,30.6,34.3
43306.94446,30.6,34.3
43306.94654,31.1,34.3
43306.94862,31.1,33.8
43306.95071,31.6,34.5
43306.95279,31.6,32.5
43306.95487,32.6,33.3
43306.95696,32.6,31.9
43306.95904,31.6,29.8
43306.96112,30.6,31.7
43306.96321,31.6,26.3
43306.96529,27.6,30.7
43306.96737,27.1,33.3
43306.96946,27.1,32.7
43306.97154,27.1,32.0
43306.97362,26.6,33.3
43306.97571,27.1,33.3
43306.97779,27.1,33.3
43306.97987,26.6,33.3
43306.98196,26.6,33.3
43306.98404,26.6,34.0
43306.98612,26.6,34.0
43306.98821,26.6,34.6
43306.99029,26.1,35.2
43306.99237,26.6,34.6
43306.99446,26.6,34.6
43306.99654,26.1,35.2
43306.99862,26.1,36.6
43307.00071,25.6,35.8
43307.00279,25.6,36.5
43307.00487,25.6,37.2
43307.00696,25.6,36.5
43307.00904,25.6,37.2
43307.01112,25.6,36.5
43307.01321,25.6,37.2
43307.01529,25.6,37.8
43307.01737,25.6,37.2
43307.01946,25.6,36.5
43307.02154,25.6,37.8
43307.02362,25.1,37.8
43307.02571,25.1,36.5
43307.02779,25.1,36.5
43307.02987,25.1,36.5
43307.03196,25.1,37.1
43307.03404,25.1,37.1
43307.03612,25.1,37.8
43307.03821,25.1,38.5
43307.04029,24.6,39.0
43307.04237,24.6,39.7
43307.04446,25.1,38.5
43307.04654,25.1,38.5
43307.04862,24.6,39.0
43307.05071,24.6,39.7
43307.05279,24.1,41.0
43307.05487,24.1,42.3
43307.05696,23.6,41.6
43307.05904,23.6,42.2
43307.06112,24.1,42.2
43307.06321,23.6,42.2
43307.06529,23.6,42.9
43307.06737,23.6,41.6
43307.06946,23.6,41.6
43307.07154,23.6,41.6
43307.07362,23.6,42.2
43307.07571,23.6,42.2
43307.07779,23.1,42.8
43307.07987,23.1,43.5
43307.08196,23.1,42.2
43307.08404,23.6,42.2
43307.08612,23.6,41.6
43307.08821,23.1,42.8
43307.09029,23.1,44.1
43307.09237,22.6,44.1
43307.09446,22.6,44.7
43307.09654,22.6,44.0
43307.09862,22.6,44.0
43307.10071,22.6,44.0
43307.10279,22.6,44.0
43307.10487,22.6,44.0
43307.10696,22.6,44.7
43307.10904,22.6,44.0
43307.11112,22.6,43.4
43307.11321,22.1,43.4
43307.11529,22.6,42.8
43307.11737,22.6,43.4
43307.11946,22.6,43.4
43307.12154,22.6,42.8
43307.12362,22.6,42.1
43307.12571,22.1,43.4
43307.12779,22.1,43.4
43307.12987,22.1,43.4
43307.13196,22.1,42.7
43307.13404,22.1,43.4
43307.13612,22.1,43.4
43307.13821,22.6,42.1
43307.14029,22.6,41.5
43307.14237,22.6,41.5
43307.14446,22.6,42.1
43307.14654,22.6,41.5
43307.14862,22.1,42.7
43307.15071,22.1,42.1
43307.15279,21.6,42.7
43307.15487,21.6,43.3
43307.15696,21.6,44.0
43307.15904,21.6,43.3
43307.16112,21.6,42.7
43307.16321,21.6,42.7
43307.16529,21.6,43.3
43307.16737,21.1,44.6
43307.16946,20.6,45.2
43307.17154,20.1,46.4
43307.17362,19.6,47.0
43307.17571,19.6,47.6
43307.17779,19.1,48.8
43307.17987,19.1,48.8
43307.18196,19.6,47.0
43307.18404,19.6,47.6
43307.18612,19.1,49.5
43307.18821,19.1,51.4
43307.19029,18.6,50.1
43307.19237,18.1,52.5
43307.19446,18.1,51.9
43307.19654,18.1,51.3
43307.19862,18.1,51.3
43307.20071,18.1,50.7
43307.20279,18.1,51.9
43307.20487,18.1,53.8
43307.20696,17.6,55.0
43307.20904,17.6,53.7
43307.21112,17.6,53.7
43307.21321,17.6,54.4
43307.21529,17.6,54.4
43307.21737,17.6,53.1
43307.21946,17.6,53.1
43307.22154,17.6,52.5
43307.22362,17.6,51.9
43307.22571,17.6,51.2
43307.22779,17.6,50.6
43307.22987,17.6,50.6
43307.23196,17.6,51.9
43307.23404,17.6,51.2
43307.23612,17.6,50.0
43307.23821,17.6,50.0
43307.24029,17.6,50.6
43307.24237,17.6,50.6
43307.24446,17.6,50.0
43307.24654,17.6,50.6
43307.24862,17.6,51.2
43307.25071,17.6,51.9
43307.25279,17.6,52.5
43307.25487,17.6,51.9
43307.25696,18.1,50.0
43307.25904,18.6,50.0
43307.26112,18.6,50.0
43307.26321,18.6,49.4
43307.26529,19.1,48.8
43307.26737,19.6,48.3
43307.26946,19.6,47.6
43307.27154,20.1,47.0
43307.27362,20.6,46.4
43307.27571,21.1,45.2
43307.27779,21.6,44.0
43307.27987,22.1,42.7
43307.28196,22.6,41.5
43307.28404,23.1,40.2
43307.28612,23.6,39.0
43307.28821,24.1,37.7
43307.29029,24.1,37.0
43307.29237,24.6,36.4
43307.29446,25.1,34.5
43307.29654,25.6,32.5
43307.29862,26.1,31.9
43307.30071,26.1,32.6
43307.30279,26.6,30.6
43307.30487,27.1,30.0
43307.30696,27.6,29.3
43307.30904,28.1,28.7
43307.31112,27.6,28.7
43307.31321,28.1,28.7
43307.31529,28.1,30.1
43307.31737,27.6,30.1
43307.31946,27.6,30.7
43307.32154,28.1,29.4
43307.32362,27.6,29.4
43307.32571,28.1,29.4
43307.32779,28.6,28.1
43307.32987,29.6,26.8
43307.33196,29.6,26.1
43307.33404,29.6,26.1
43307.33612,30.6,25.5
43307.33821,30.6,25.5
43307.34029,30.1,26.2
43307.34237,29.6,26.2
43307.34446,30.1,26.2
43307.34654,30.6,26.2
43307.34862,31.1,25.6
43307.35071,31.1,25.6
43307.35279,30.1,27.5
43307.35487,30.1,26.9
43307.35696,30.1,29.6
43307.35904,30.1,28.2
43307.36112,31.1,25.6
43307.36321,32.1,24.3
43307.36529,32.6,23.7
43307.36737,33.1,23.0
43307.36946,32.6,23.7
43307.37154,33.1,23.7
43307.37362,33.1,23.0
43307.37571,33.6,22.4
43307.37779,33.1,23.0
43307.37987,33.1,23.7
43307.38196,33.1,23.0
43307.38404,33.6,23.0
43307.38612,33.1,23.7
43307.38821,33.6,23.1
43307.39029,33.6,23.1
43307.39237,33.6,23.1
43307.39446,34.6,21.8
43307.39654,34.1,21.0
43307.39862,34.6,21.0
43307.40071,34.6,21.0
43307.40279,34.6,19.7
43307.40487,34.6,21.1
43307.40696,34.6,21.1
43307.40904,34.6,20.4
43307.41112,35.1,19.0
43307.41321,34.6,21.1
43307.41529,35.1,20.4
43307.41737,34.6,21.1
43307.41946,35.1,19.7
43307.42154,35.1,20.4
43307.42362,35.1,20.4
43307.42571,35.1,19.7
43307.42779,35.6,20.5
43307.42987,35.6,20.5
43307.43196,35.6,20.5
43307.43404,36.6,19.2
43307.43612,36.6,19.2
43307.43821,37.6,17.8
43307.44029,37.6,17.1
43307.44237,37.6,17.1
43307.44446,38.1,16.5
43307.44654,37.6,16.5
43307.44862,38.1,16.5
43307.45071,38.1,16.5
43307.45279,38.1,16.5
43307.45487,38.1,15.7
43307.45696,38.1,15.0
43307.45904,38.1,15.0
43307.46112,38.6,14.3
43307.46321,38.6,14.3
43307.46529,39.1,15.1
43307.46737,38.1,15.1
43307.46946,38.6,15.1
43307.47154,39.1,16.5
43307.47362,40.1,15.2
43307.47571,39.6,15.2
43307.47779,38.6,15.2
43307.47987,39.6,15.9
43307.48196,39.6,15.1
43307.48404,39.6,14.4
43307.48612,40.6,14.4
43307.48821,40.6,13.8
43307.49029,40.6,13.8
43307.49237,40.6,13.8
43307.49446,40.6,13.8
43307.49654,40.1,15.2
43307.49862,40.1,15.2
43307.50071,40.1,15.2
43307.50279,40.6,13.8
43307.50487,40.6,14.5
43307.50696,40.1,15.2
43307.50904,41.1,12.4
43307.51112,41.6,12.4
43307.51321,41.6,12.4
43307.51529,42.1,13.2
43307.51737,41.6,13.2
43307.51946,41.6,10.9
43307.52154,39.6,14.4
43307.52362,38.6,16.5
43307.52571,37.6,17.1
43307.52779,37.1,19.2
43307.52987,36.6,19.9
43307.53196,36.1,19.9
43307.53404,35.6,20.5
43307.53612,35.1,21.1
43307.53821,35.1,22.5
43307.54029,34.6,20.4
43307.54237,34.1,18.2
43307.54446,33.6,20.3
43307.54654,33.1,20.9
43307.54862,33.1,19.5
43307.55071,33.1,20.9
43307.55279,32.6,20.2
43307.55487,32.6,20.2
43307.55696,32.1,21.5
43307.55904,32.1,21.5
43307.56112,31.6,22.9
43307.56321,31.1,22.1
43307.56529,31.1,21.4
43307.56737,31.1,22.1
43307.56946,31.1,22.8
43307.57154,31.6,23.6
43307.57362,32.1,22.9
43307.57571,32.6,24.4
43307.57779,33.6,23.1
43307.57987,34.1,23.8
43307.58196,34.6,23.2
43307.58404,35.6,23.2
43307.58612,36.1,23.2
43307.58821,36.6,23.2
43307.59029,37.1,22.8
43307.59237,37.6,22.1
43307.59446,38.6,22.9
43307.59654,39.1,22.9
43307.59862,39.6,21.6
43307.60071,40.1,21.0
43307.60279,40.6,22.4
43307.60487,41.1,21.8
43307.60696,42.1,21.2
43307.60904,42.1,16.1
43307.61112,41.6,13.1
43307.61321,40.1,15.2
43307.61529,38.6,14.3
43307.61737,38.1,16.5
43307.61946,38.1,17.9
43307.62154,38.1,17.2
43307.62362,38.1,17.2
43307.62571,38.6,17.9
43307.62779,39.1,17.9
43307.62987,39.6,17.9
43307.63196,39.6,18.8
43307.63404,40.1,18.1
43307.63612,40.6,18.9
43307.63821,41.1,18.2
43307.64029,41.6,18.2
43307.64237,42.1,19.0
43307.64446,42.6,17.6
43307.64654,43.1,18.4
43307.64862,43.6,17.7
43307.65071,44.1,17.7
43307.65279,44.1,17.0
43307.65487,44.6,17.8
43307.65696,45.1,17.1
43307.65904,45.6,16.5
43307.66112,45.6,17.2
43307.66321,46.1,17.2
43307.66529,46.6,16.6
43307.66737,46.6,18.0
43307.66946,47.1,15.1
43307.67154,47.1,17.3
43307.67362,47.6,16.6
43307.67571,48.1,16.6
43307.67779,48.1,16.6
43307.67987,48.6,16.6
43307.68196,48.6,16.6
43307.68404,49.1,16.1
43307.68612,49.1,16.8
43307.68821,49.1,16.8
43307.69029,49.6,16.8
43307.69237,49.6,15.4
43307.69446,50.1,15.4
43307.69654,50.1,15.4
43307.69862,50.1,16.1
43307.70071,50.1,16.1
43307.70279,50.6,14.7
43307.70487,50.6,14.7
43307.70696,50.6,16.2
43307.70904,51.1,15.5
43307.71112,51.1,14.8
43307.71321,51.1,15.5
43307.71529,51.1,16.2
43307.71737,51.1,15.5
43307.71946,51.1,15.5
43307.72154,51.6,16.3
43307.72362,51.6,14.8
43307.72571,51.6,15.6
43307.72779,51.6,15.6
43307.72987,51.6,14.8
43307.73196,51.6,15.6
43307.73404,51.6,15.6
43307.73612,51.6,14.8
43307.73821,51.6,14.8
43307.74029,51.6,14.8
43307.74237,51.6,15.6
43307.74446,51.6,15.6
43307.74654,51.6,15.6
43307.74862,51.6,14.8
43307.75071,51.1,15.5
43307.75279,51.1,14.8
43307.75487,51.1,15.5
43307.75696,51.1,15.5
43307.75904,51.1,15.5
43307.76112,51.1,15.5
43307.76321,50.6,14.7
43307.76529,50.6,14.7
43307.76737,50.6,14.7
43307.76946,50.6,15.4
43307.77154,50.6,15.4
43307.77362,50.1,16.1
43307.77571,50.1,14.7
43307.77779,50.1,14.7
43307.77987,50.1,16.1
43307.78196,49.6,14.6
43307.78404,49.6,15.4
43307.78612,49.6,16.1
43307.78821,49.1,16.1
43307.79029,49.1,15.3
43307.79237,48.1,12.2
43307.79446,46.6,10.6
43307.79654,45.6,12.0
43307.79862,44.6,14.2
43307.80071,43.6,13.3
43307.80279,42.1,12.5
43307.80487,39.6,11.5
43307.80696,36.1,14.8
43307.80904,35.6,16.2
43307.81112,35.6,15.5
43307.81321,35.1,15.5
43307.81529,34.6,16.8
43307.81737,34.6,17.5
43307.81946,35.1,17.5
43307.82154,35.1,17.5
43307.82362,35.6,20.5
43307.82571,34.6,19.0
43307.82779,34.1,19.6
43307.82987,33.1,18.8
43307.83196,32.6,20.9
43307.83404,32.1,21.5
43307.83612,31.6,21.5
43307.83821,30.6,21.5
43307.84029,30.6,22.8
43307.84237,29.6,22.8
43307.84446,29.6,24.0
43307.84654,29.1,24.0
43307.84862,28.1,24.0
43307.85071,27.6,25.2
43307.85279,27.6,35.4
43307.85487,27.6,37.4
43307.85696,28.1,34.8
43307.85904,28.6,34.2
43307.86112,29.1,32.9
43307.86321,29.1,32.9
43307.86529,29.6,31.6
43307.86737,29.6,30.2
43307.86946,29.6,29.5
43307.87154,29.6,28.2
43307.87362,30.1,28.2
43307.87571,30.1,24.1
43307.87779,30.6,22.8
43307.87987,30.6,24.1
43307.88196,30.6,23.5
43307.88404,30.1,24.1
43307.88612,30.6,24.8
43307.88821,30.1,24.8
43307.89029,30.1,24.8
43307.89237,29.6,25.4
43307.89446,29.6,26.1
43307.89654,29.6,25.4
43307.89862,29.6,25.4
43307.90071,29.1,26.8
43307.90279,29.6,26.8
43307.90487,29.6,26.8
43307.90696,29.6,26.8
43307.90904,29.6,26.8
43307.91112,29.6,26.8
43307.91321,29.6,26.1
43307.91529,29.6,26.8
43307.91737,29.6,26.8
43307.91946,29.1,26.8
43307.92154,29.1,27.4
43307.92362,29.1,26.8
43307.92571,29.1,26.8
43307.92779,29.1,27.4
43307.92987,29.1,27.4
43307.93196,28.6,29.4
43307.93404,28.6,29.4
43307.93612,28.1,30.1
43307.93821,27.6,30.7
43307.94029,27.6,31.4
43307.94237,27.1,30.6
43307.94446,27.1,28.6
43307.94654,27.1,29.3
43307.94862,26.6,29.9
43307.95071,26.6,31.3
43307.95279,26.1,33.2
43307.95487,26.1,33.9
43307.95696,25.6,33.9
43307.95904,25.6,34.5
43307.96112,25.1,35.1
43307.96321,25.1,35.8
43307.96529,25.1,35.1
43307.96737,24.6,34.4
43307.96946,24.6,32.4
43307.97154,26.1,31.2
43307.97362,27.1,27.9
43307.97571,26.6,27.9
43307.97779,27.1,27.9
43307.97987,26.6,29.2
43307.98196,26.1,27.8
43307.98404,26.1,29.2
43307.98612,26.6,28.5
43307.98821,26.1,29.9
43307.99029,26.6,28.5
43307.99237,26.6,29.2
43307.99446,26.1,30.5
43307.99654,26.1,29.9
43307.99862,26.1,28.5
43308.00071,26.1,30.5
43308.00279,25.6,29.8
43308.00487,25.6,30.5
43308.00696,26.1,29.9
43308.00904,26.1,30.5
43308.01112,25.6,31.2
43308.01321,25.6,32.5
43308.01529,25.1,37.1
43308.01737,24.1,37.1
43308.01946,24.6,34.4
43308.02154,25.1,34.4
43308.02362,24.6,35.1
43308.02571,24.1,35.7
43308.02779,24.1,36.4
43308.02987,24.1,35.7
43308.03196,24.1,35.0
43308.03404,23.6,37.0
43308.03612,23.6,37.0
43308.03821,23.6,37.6
43308.04029,23.1,37.6
43308.04237,23.1,38.2
43308.04446,22.6,38.9
43308.04654,23.1,38.9
43308.04862,22.6,37.5
43308.05071,22.1,38.8
43308.05279,22.1,39.5
43308.05487,22.1,40.1
43308.05696,21.6,40.7
43308.05904,21.6,41.4
43308.06112,21.6,42.0
43308.06321,21.6,42.0
43308.06529,21.6,40.7
43308.06737,21.6,41.4
43308.06946,21.6,42.0
43308.07154,21.6,42.0
43308.07362,22.6,38.9
43308.07571,23.6,37.6
43308.07779,24.1,37.0
43308.07987,24.1,36.4
43308.08196,24.1,37.0
43308.08404,24.1,35.7
43308.08612,24.1,35.7
43308.08821,24.1,37.0
43308.09029,24.1,35.7
43308.09237,24.1,37.0
43308.09446,24.1,37.7
43308.09654,23.6,35.7
43308.09862,23.6,39.0
43308.10071,22.6,42.8
43308.10279,22.6,42.8
43308.10487,22.1,43.4
43308.10696,21.6,42.7
43308.10904,22.1,40.8
43308.11112,22.6,39.5
43308.11321,23.1,38.9
43308.11529,22.6,38.9
43308.11737,22.6,39.5
43308.11946,23.1,39.5
43308.12154,22.6,38.9
43308.12362,23.1,38.9
43308.12571,23.1,38.2
43308.12779,22.6,39.5
43308.12987,22.6,39.5
43308.13196,22.6,38.9
43308.13404,22.6,38.2
43308.13612,22.6,38.9
43308.13821,22.6,38.2
43308.14029,22.6,37.5
43308.14237,22.6,38.2
43308.14446,22.6,38.9
43308.14654,22.1,40.1
43308.14862,21.6,40.7
43308.15071,21.1,42.0
43308.15279,21.1,42.6
43308.15487,20.6,43.2
43308.15696,20.1,43.8
43308.15904,20.1,45.1
43308.16112,20.1,45.8
43308.16321,19.6,45.1
43308.16529,19.6,45.7
43308.16737,19.6,45.7
43308.16946,19.6,47.0
43308.17154,19.6,46.3
43308.17362,19.6,47.0
43308.17571,19.6,47.0
43308.17779,20.1,45.8
43308.17987,20.1,44.5
43308.18196,20.6,45.2
43308.18404,20.6,45.2
43308.18612,20.6,45.2
43308.18821,21.1,43.3
43308.19029,20.6,44.5
43308.19237,20.6,43.9
43308.19446,20.6,44.5
43308.19654,20.6,43.2
43308.19862,21.1,42.6
43308.20071,21.1,42.6
43308.20279,21.1,43.3
43308.20487,20.6,42.6
43308.20696,20.6,43.9
43308.20904,20.6,43.9
43308.21112,20.6,43.2
43308.21321,21.1,43.2
43308.21529,21.1,43.2
43308.21737,20.6,43.2
43308.21946,20.6,44.5
43308.22154,20.6,45.8
43308.22362,20.1,45.8
43308.22571,20.1,46.4
43308.22779,20.1,46.4
43308.22987,20.6,46.4
43308.23196,21.6,44.6
43308.23404,22.1,44.0
43308.23612,22.6,41.5
43308.23821,22.6,42.1
43308.24029,22.6,41.5
43308.24237,22.6,40.8
43308.24446,22.1,42.1
43308.24654,22.1,42.1
43308.24862,22.1,42.7
43308.25071,22.1,42.7
43308.25279,22.1,42.1
43308.25487,22.1,41.4
43308.25696,21.6,42.0
43308.25904,21.6,42.7
43308.26112,22.1,42.7
43308.26321,22.1,42.1
43308.26529,22.6,41.5
43308.26737,22.6,41.5
43308.26946,22.6,40.8
43308.27154,22.6,40.2
43308.27362,23.1,40.9
43308.27571,23.1,39.6
43308.27779,23.1,40.2
43308.27987,23.6,39.0
43308.28196,23.6,38.3
43308.28404,24.1,38.3
43308.28612,24.6,37.1
43308.28821,24.6,36.4
43308.29029,25.1,35.8
43308.29237,25.1,35.8
43308.29446,25.1,35.8
43308.29654,25.6,35.8
43308.29862,26.1,35.2
43308.30071,26.1,34.6
43308.30279,26.1,35.2
43308.30487,26.1,35.2
43308.30696,26.1,33.9
43308.30904,26.6,33.3
43308.31112,27.1,33.3
43308.31321,27.1,32.0
43308.31529,27.6,32.0
43308.31737,27.6,31.4
43308.31946,27.6,31.4
43308.32154,27.6,30.7
43308.32362,28.1,30.1
43308.32571,28.6,30.1
43308.32779,28.6,29.4
43308.32987,29.6,28.9
43308.33196,29.6,27.5
43308.33404,30.1,27.5
43308.33612,30.1,26.9
43308.33821,30.6,26.2
43308.34029,30.6,26.2
43308.34237,31.1,25.6
43308.34446,31.1,27.0
43308.34654,31.1,26.3
43308.34862,32.1,25.0
43308.35071,32.1,24.3
43308.35279,32.6,24.3
43308.35487,32.1,25.0
43308.35696,32.6,24.4
43308.35904,31.6,25.0
43308.36112,32.1,25.0
43308.36321,32.1,25.7
43308.36529,32.6,25.1
43308.36737,32.6,24.4
43308.36946,32.6,24.4
43308.37154,33.1,23.7
43308.37362,33.1,23.7
43308.37571,33.1,23.7
43308.37779,33.1,23.7
43308.37987,33.6,23.7
43308.38196,34.1,23.1
43308.38404,34.1,23.8
43308.38612,34.1,23.8
43308.38821,34.1,23.1
43308.39029,34.1,23.8
43308.39237,33.6,23.8
43308.39446,34.1,23.1
43308.39654,34.1,23.8
43308.39862,33.6,23.8
43308.40071,34.1,23.1
43308.40279,34.1,23.1
43308.40487,34.6,23.9
43308.40696,35.1,23.2
43308.40904,35.1,21.1
43308.41112,35.1,21.8
43308.41321,35.1,21.8
43308.41529,35.6,20.5
43308.41737,35.6,20.5
43308.41946,35.6,21.9
43308.42154,35.6,22.6
43308.42362,35.1,22.6
43308.42571,35.1,22.6
43308.42779,35.1,23.2
43308.42987,35.1,22.5
43308.43196,35.1,23.9
43308.43404,35.1,23.2
43308.43612,32.6,23.2
43308.43821,31.6,26.3
43308.44029,32.6,26.3
43308.44237,34.1,24.5
43308.44446,35.1,24.5
43308.44654,36.1,21.9
43308.44862,37.6,21.9
43308.45071,38.6,20.8
43308.45279,39.1,20.1
43308.45487,40.1,19.5
43308.45696,40.6,18.9
43308.45904,41.6,18.2
43308.46112,42.1,17.6
43308.46321,42.6,16.2
43308.46529,43.1,17.0
43308.46737,43.6,16.3
43308.46946,44.1,15.6
43308.47154,44.6,14.2
43308.47362,44.6,14.9
43308.47571,44.1,13.4
43308.47779,44.6,14.2
43308.47987,45.1,12.0
43308.48196,45.6,12.8
43308.48404,45.6,14.2
43308.48612,46.1,13.6
43308.48821,46.6,13.6
43308.49029,47.1,12.9
43308.49237,47.1,12.9
43308.49446,47.6,11.4
43308.49654,44.1,14.9
43308.49862,40.6,16.0
43308.50071,38.1,17.2
43308.50279,36.1,17.7
43308.50487,35.1,18.3
43308.50696,34.6,19.0
43308.50904,34.1,19.6
43308.51112,33.6,21.0
43308.51321,33.6,21.7
43308.51529,33.6,22.4
43308.51737,33.6,21.7
43308.51946,33.6,27.2
43308.52154,32.1,28.5
43308.52362,31.6,31.1
43308.52571,30.6,28.3
43308.52779,29.1,26.8
43308.52987,28.1,26.8
43308.53196,27.1,27.2
43308.53404,28.6,28.8
43308.53612,31.1,27.7
43308.53821,33.6,25.9
43308.54029,35.6,25.4
43308.54237,37.1,22.8
43308.54446,38.6,21.5
43308.54654,40.1,21.0
43308.54862,41.6,19.7
43308.55071,42.6,18.4
43308.55279,43.6,18.4
43308.55487,44.6,17.1
43308.55696,45.6,14.2
43308.55904,42.1,13.2
43308.56112,37.1,18.5
43308.56321,34.1,23.1
43308.56529,33.1,23.7
43308.56737,35.6,22.6
43308.56946,37.6,21.4
43308.57154,39.6,21.4
43308.57362,41.1,19.6
43308.57571,43.1,18.4
43308.57779,44.1,17.0
43308.57987,45.6,15.7
43308.58196,46.1,17.2
43308.58404,42.6,19.8
43308.58612,36.6,17.0
43308.58821,32.6,20.9
43308.59029,31.6,22.9
43308.59237,31.1,24.2
43308.59446,31.1,27.7
43308.59654,30.1,27.7
43308.59862,29.6,25.4
43308.60071,29.6,26.8
43308.60279,27.6,27.3
43308.60487,27.6,28.6
43308.60696,27.6,28.0
43308.60904,27.6,27.3
43308.61112,27.1,26.5
43308.61321,27.1,28.6
43308.61529,26.6,27.9
43308.61737,26.1,28.5
43308.61946,26.6,29.2
43308.62154,26.1,29.2
43308.62362,25.6,29.2
43308.62571,26.1,27.1
43308.62779,26.1,26.4
43308.62987,26.1,27.1
43308.63196,25.6,25.7
43308.63404,25.6,27.1
43308.63612,25.6,27.1
43308.63821,25.1,26.3
43308.64029,25.1,26.3
43308.64237,24.6,27.6
43308.64446,24.6,29.7
43308.64654,24.1,28.3
43308.64862,24.1,28.3
43308.65071,24.1,29.0
43308.65279,24.1,31.0
43308.65487,24.6,31.7
43308.65696,24.6,31.7
43308.65904,25.1,30.4
43308.66112,25.1,30.4
43308.66321,25.1,29.8
43308.66529,25.1,30.4
43308.66737,25.6,29.1
43308.66946,25.6,28.4
43308.67154,25.1,29.1
43308.67362,25.1,27.7
43308.67571,25.1,29.8
43308.67779,25.6,32.5
43308.67987,26.6,28.5
43308.68196,27.1,27.2
43308.68404,27.6,25.2
43308.68612,27.6,25.2
43308.68821,27.6,26.6
43308.69029,27.6,25.9
43308.69237,28.1,24.6
43308.69446,28.1,24.6
43308.69654,29.1,27.4
43308.69862,30.6,26.2
43308.70071,31.6,25.6
43308.70279,33.1,25.1
43308.70487,34.1,24.5
43308.70696,35.1,23.2
43308.70904,35.6,21.9
43308.71112,36.6,21.3
43308.71321,37.1,21.3
43308.71529,37.6,20.0
43308.71737,37.1,21.3
43308.71946,37.6,22.8
43308.72154,33.6,19.6
43308.72362,31.6,21.5
43308.72571,30.1,23.4
43308.72779,28.6,24.6
43308.72987,28.1,25.3
43308.73196,27.6,28.6
43308.73404,27.1,26.5
43308.73612,27.1,29.3
43308.73821,27.1,27.2
43308.74029,26.1,28.5
43308.74237,25.6,29.1
43308.74446,26.1,29.9
43308.74654,26.1,30.5
43308.74862,26.6,29.2
43308.75071,27.1,29.2
43308.75279,26.6,28.5
43308.75487,26.6,28.5
43308.75696,26.1,29.9
43308.75904,26.1,29.2
43308.76112,26.1,31.2
43308.76321,26.1,30.5
43308.76529,26.1,31.2
43308.76737,26.6,30.6
43308.76946,26.1,30.6
43308.77154,26.6,30.6
43308.77362,26.6,28.5
43308.77571,27.6,28.5
43308.77779,27.6,26.6
43308.77987,27.1,28.6
43308.78196,27.6,34.1
43308.78404,32.1,32.5
43308.78612,33.6,32.0
43308.78821,32.6,32.0
43308.79029,30.1,32.3
43308.79237,28.6,34.2
43308.79446,28.1,35.5
43308.79654,29.6,35.5
43308.79862,30.1,35.5
43308.80071,29.6,36.3
43308.80279,29.6,36.3
43308.80487,28.6,36.3
43308.80696,28.6,37.5
43308.80904,30.1,38.3
43308.81112,29.6,37.6
43308.81321,29.1,38.2
43308.81529,29.6,38.9
43308.81737,29.6,38.3
43308.81946,29.6,38.3
43308.82154,29.1,38.3
43308.82362,28.1,38.8
43308.82571,30.1,41.6
43308.82779,31.6,40.5
43308.82987,32.6,38.6
43308.83196,33.1,37.3
43308.83404,32.6,37.3
43308.83612,31.1,37.3
43308.83821,28.6,38.2
43308.84029,27.1,40.0
43308.84237,27.1,41.3
43308.84446,26.6,42.5
43308.84654,26.1,45.0
43308.84862,26.1,46.3
43308.85071,28.6,48.5
43308.85279,29.1,45.4
43308.85487,28.6,44.7
43308.85696,29.6,44.1
43308.85904,29.6,44.1
43308.86112,28.6,43.4
43308.86321,28.1,44.6
43308.86529,28.1,45.2
43308.86737,28.1,46.5
43308.86946,29.1,46.5
43308.87154,28.6,46.5
43308.87362,28.1,46.5
43308.87571,28.6,47.2
43308.87779,29.1,44.7
43308.87987,28.6,44.0
43308.88196,28.1,42.7
43308.88404,27.6,42.7
43308.88612,27.6,42.0
43308.88821,28.1,41.4
43308.89029,28.6,40.8
43308.89237,28.6,40.8
43308.89446,29.1,39.5
43308.89654,29.1,39.5
43308.89862,28.6,40.1
43308.90071,28.1,40.1
43308.90279,28.6,40.1
43308.90487,29.6,40.9
43308.90696,30.1,40.3
43308.90904,31.1,40.3
43308.91112,31.6,40.3
43308.91321,31.6,40.3
43308.91529,33.6,40.3
43308.91737,31.6,40.3
43308.91946,30.1,41.6
43308.92154,29.1,42.1
43308.92362,28.1,44.0
43308.92571,28.1,45.9
43308.92779,28.6,47.2
43308.92987,29.1,47.9
43308.93196,29.1,43.4
43308.93404,27.1,47.7
43308.93612,26.6,48.3
43308.93821,26.6,48.9
43308.94029,26.1,49.5
43308.94237,26.1,50.1
43308.94446,26.1,50.1
43308.94654,26.1,50.1
43308.94862,26.1,50.7
43308.95071,26.1,50.7
43308.95279,26.1,50.1
43308.95487,26.1,50.1
43308.95696,26.1,50.1
43308.95904,26.1,50.1
43308.96112,26.1,50.1
43308.96321,26.1,52.6
43308.96529,26.1,50.1
43308.96737,26.1,49.5
43308.96946,26.1,50.1
43308.97154,26.1,49.5
43308.97362,26.1,50.1
43308.97571,26.1,49.5
43308.97779,26.1,50.1
43308.97987,26.1,49.5
43308.98196,26.1,49.5
43308.98404,26.1,48.8
43308.98612,26.1,49.5
43308.98821,26.1,50.1
43308.99029,26.1,49.5
43308.99237,26.1,50.1
43308.99446,26.1,49.5
43308.99654,26.1,50.1
43308.99862,26.1,50.1
43309.00071,26.1,50.1
43309.00279,26.1,50.1
43309.00487,26.1,50.1
43309.00696,26.1,50.1
43309.00904,26.1,50.1
43309.01112,26.1,50.1
43309.01321,26.1,50.7
43309.01529,26.1,50.7
43309.01737,26.1,50.7
43309.01946,25.6,50.0
43309.02154,25.6,50.7
43309.02362,25.6,50.7
43309.02571,25.6,50.7
43309.02779,25.6,50.7
43309.02987,25.6,50.0
43309.03196,25.6,50.0
43309.03404,25.6,50.0
43309.03612,25.6,50.0
43309.03821,25.6,50.0
43309.04029,25.6,50.7
43309.04237,25.6,50.7
43309.04446,25.6,50.0
43309.04654,25.6,50.7
43309.04862,25.6,50.7
43309.05071,25.6,50.7
43309.05279,25.6,50.0
43309.05487,25.6,50.7
43309.05696,25.6,50.7
43309.05904,25.6,50.0
43309.06112,25.6,50.0
43309.06321,25.6,50.7
43309.06529,25.6,50.7
43309.06737,25.6,50.0
43309.06946,25.6,50.7
43309.07154,25.6,50.7
43309.07362,25.6,51.3
43309.07571,25.6,51.3
43309.07779,25.1,50.6
43309.07987,25.1,51.2
43309.08196,25.1,51.2
43309.08404,25.1,51.9
43309.08612,25.1,51.2
43309.08821,25.1,51.2
43309.09029,25.1,51.9
43309.09237,25.1,50.6
43309.09446,25.1,51.2
43309.09654,25.1,51.9
43309.09862,25.1,51.2
43309.10071,25.1,51.2
43309.10279,25.1,51.2
43309.10487,25.1,51.9
43309.10696,25.1,51.9
43309.10904,25.1,51.9
43309.11112,25.1,51.2
43309.11321,25.1,51.2
43309.11529,25.1,51.9
43309.11737,25.1,52.5
43309.11946,25.1,51.9
43309.12154,25.1,51.9
43309.12362,25.1,51.2
43309.12571,25.1,51.9
43309.12779,25.1,52.5
43309.12987,25.1,52.5
43309.13196,25.1,52.5
43309.13404,25.1,51.9
43309.13612,25.1,51.9
43309.13821,25.1,51.9
43309.14029,25.1,52.5
43309.14237,25.1,52.5
43309.14446,25.1,52.5
43309.14654,25.1,51.9
43309.14862,25.1,53.1
43309.15071,25.1,53.1
43309.15279,25.1,53.1
43309.15487,25.1,53.1
43309.15696,24.6,52.5
43309.15904,25.1,53.1
43309.16112,24.6,53.1
43309.16321,24.6,53.1
43309.16529,24.6,53.1
43309.16737,24.6,53.1
43309.16946,24.6,52.5
43309.17154,24.6,53.7
43309.17362,24.6,53.7
43309.17571,24.6,53.7
43309.17779,24.6,53.7
43309.17987,24.6,53.7
43309.18196,24.6,54.3
43309.18404,24.6,53.1
43309.18612,24.6,53.7
43309.18821,24.6,53.1
43309.19029,24.6,53.1
43309.19237,24.6,53.1
43309.19446,24.6,54.3
43309.19654,24.6,53.1
43309.19862,24.6,54.3
43309.20071,24.6,53.1
43309.20279,24.6,54.3
43309.20487,24.6,53.1
43309.20696,24.6,53.1
43309.20904,24.6,53.7
43309.21112,24.6,53.7
43309.21321,24.6,53.1
43309.21529,24.6,53.7
43309.21737,24.6,53.7
43309.21946,24.6,53.1
43309.22154,24.6,53.7
43309.22362,24.6,53.7
43309.22571,24.6,53.7
43309.22779,24.6,52.5
43309.22987,24.6,53.7
43309.23196,24.6,53.7
43309.23404,24.6,53.7
43309.23612,24.6,53.7
43309.23821,24.6,53.7
43309.24029,24.6,53.7
43309.24237,24.1,53.7
43309.24446,24.1,53.7
43309.24654,24.1,53.7
43309.24862,24.1,53.7
43309.25071,24.1,53.0
43309.25279,24.1,54.2
43309.25487,24.1,53.6
43309.25696,24.1,53.6
43309.25904,24.1,54.2
43309.26112,24.1,53.6
43309.26321,24.1,53.0
43309.26529,24.1,53.6
43309.26737,24.1,53.0
43309.26946,24.1,54.2
43309.27154,24.1,54.2
43309.27362,24.1,54.2
43309.27571,24.1,53.0
43309.27779,24.1,53.6
43309.27987,24.1,53.6
43309.28196,24.1,54.2
43309.28404,24.1,53.6
43309.28612,24.1,53.6
43309.28821,24.1,53.0
43309.29029,24.1,54.2
43309.29237,24.1,54.2
43309.29446,24.1,54.2
43309.29654,24.1,54.9
43309.29862,24.1,54.2
43309.30071,24.1,54.2
43309.30279,24.1,53.6
43309.30487,24.1,53.6
43309.30696,24.1,54.9
43309.30904,24.1,54.2
43309.31112,24.1,53.6
43309.31321,24.1,55.5
43309.31529,24.1,54.9
43309.31737,24.1,54.9
43309.31946,24.1,54.9
43309.32154,24.1,55.5
43309.32362,24.1,54.9
43309.32571,24.1,55.5
43309.32779,24.1,54.9
43309.32987,24.1,54.9
43309.33196,24.1,54.9
43309.33404,24.1,54.9
43309.33612,24.1,54.9
43309.33821,23.6,54.9
43309.34029,23.6,54.2
43309.34237,23.6,54.8
43309.34446,23.6,54.8
43309.34654,23.6,54.2
43309.34862,23.6,55.4
43309.35071,23.6,54.8
43309.35279,23.6,55.4
43309.35487,23.6,55.4
43309.35696,23.6,55.4
43309.35904,23.6,54.8
43309.36112,23.6,54.8
43309.36321,23.6,55.4
43309.36529,23.6,54.8
43309.36737,23.6,55.4
43309.36946,23.6,55.4
43309.37154,23.6,55.4
43309.37362,23.6,55.4
43309.37571,23.6,54.2
43309.37779,23.6,54.8
43309.37987,23.6,56.0
43309.38196,23.6,54.8
43309.38404,23.6,56.0
43309.38612,23.6,55.4
43309.38821,23.6,56.0
43309.39029,23.6,55.4
43309.39237,23.6,56.0
43309.39446,23.6,55.4
43309.39654,23.6,55.4
43309.39862,23.6,56.0
43309.40071,23.6,56.0
43309.40279,23.6,55.4
43309.40487,23.6,56.0
43309.40696,23.6,55.4
43309.40904,23.6,55.4
43309.41112,23.6,56.0
43309.41321,23.6,55.4
43309.41529,23.6,56.0
43309.41737,23.6,56.0
43309.41946,23.6,56.0
43309.42154,23.6,56.0
43309.42362,23.6,55.4
43309.42571,23.6,56.0
43309.42779,23.6,56.0
43309.42987,23.6,56.0
43309.43196,23.6,55.4
43309.43404,23.6,56.0
43309.43612,23.6,56.0
43309.43821,23.6,56.0
43309.44029,23.6,55.4
43309.44237,23.6,55.4
43309.44446,23.6,56.0
43309.44654,23.6,55.4
43309.44862,23.6,55.4
43309.45071,23.6,55.4
43309.45279,23.6,54.8
43309.45487,24.1,55.5
43309.45696,24.1,55.5
43309.45904,24.1,54.9
43309.46112,24.1,54.9
43309.46321,24.1,54.9
43309.46529,24.1,54.9
43309.46737,24.1,55.5
43309.46946,24.1,55.5
43309.47154,24.1,54.9
43309.47362,24.1,54.9
43309.47571,24.1,54.9
43309.47779,24.1,55.5
43309.47987,24.1,54.9
43309.48196,24.1,54.9
43309.48404,24.1,55.5
43309.48612,24.6,56.1
43309.48821,24.6,56.1
43309.49029,24.6,55.5
43309.49237,24.6,56.1
43309.49446,24.6,55.5
43309.49654,25.1,55.5
43309.49862,25.1,55.5
43309.50071,25.1,55.0
43309.50279,25.1,55.6
43309.50487,25.1,53.7
43309.50696,25.1,55.0
43309.50904,25.1,55.0
43309.51112,25.1,54.3
43309.51321,25.1,54.3
43309.51529,25.1,53.7
43309.51737,25.6,53.2
43309.51946,25.6,54.4
43309.52154,25.6,53.8
43309.52362,25.6,53.2
43309.52571,25.6,53.2
43309.52779,25.6,53.2
43309.52987,25.6,53.2
43309.53196,25.6,53.2
43309.53404,25.6,52.5
43309.53612,25.6,53.2
43309.53821,25.6,53.2
43309.54029,25.6,53.2
43309.54237,25.6,52.5
43309.54446,25.6,51.9
43309.54654,25.6,53.2
43309.54862,25.6,53.2
43309.55071,25.6,53.2
43309.55279,26.1,53.2
43309.55487,26.1,52.6
43309.55696,26.1,52.6
43309.55904,26.1,52.6
43309.56112,26.1,52.6
43309.56321,26.1,52.6
43309.56529,26.1,52.0
43309.56737,26.1,52.0
43309.56946,26.1,51.3
43309.57154,26.1,52.0
43309.57362,26.1,52.0
43309.57571,26.1,52.0
43309.57779,26.1,52.0
43309.57987,26.1,52.0
43309.58196,26.1,52.0
43309.58404,26.1,52.6
43309.58612,26.1,52.6
43309.58821,26.1,52.0
43309.59029,26.1,51.3
43309.59237,26.6,51.3
43309.59446,26.6,51.3
43309.59654,26.6,50.2
43309.59862,26.6,51.4
43309.60071,26.6,51.4
43309.60279,26.6,51.4
43309.60487,26.6,50.8
43309.60696,26.6,51.4
43309.60904,26.6,50.8
43309.61112,26.6,50.8
43309.61321,26.6,51.4
43309.61529,26.6,50.2
43309.61737,26.6,50.2
43309.61946,26.6,50.2
43309.62154,26.6,51.4
43309.62362,26.6,52.0
43309.62571,26.6,52.0
43309.62779,26.6,51.4
43309.62987,26.6,50.8
43309.63196,26.6,50.8
43309.63404,26.1,51.3
43309.63612,26.1,51.3
43309.63821,26.1,51.3
43309.64029,26.1,50.7
43309.64237,26.1,52.0
43309.64446,26.1,52.0
43309.64654,26.1,51.3
43309.64862,26.1,52.0
43309.65071,26.1,51.3
43309.65279,26.1,52.0
43309.65487,26.1,52.0
43309.65696,26.1,52.6
43309.65904,26.1,52.0
43309.66112,26.1,52.6
43309.66321,26.1,51.3
43309.66529,26.1,52.0
43309.66737,26.1,52.6
43309.66946,26.1,52.0
43309.67154,26.1,52.6
43309.67362,26.1,52.0
43309.67571,26.1,52.0
43309.67779,26.1,52.6
43309.67987,26.1,52.0
43309.68196,26.1,52.6
43309.68404,26.1,52.6
43309.68612,26.1,52.0
43309.68821,26.1,52.6
43309.69029,26.1,52.0
43309.69237,26.1,52.0
43309.69446,26.1,53.2
43309.69654,26.1,52.0
43309.69862,26.1,52.6
43309.70071,25.6,52.6
43309.70279,25.6,52.6
43309.70487,26.1,52.0
43309.70696,25.6,52.5
43309.70904,25.6,53.2
43309.71112,25.6,52.5
43309.71321,25.6,52.5
43309.71529,25.6,55.6
43309.71737,25.6,55.6
43309.71946,25.6,53.8
43309.72154,25.6,53.8
43309.72362,25.6,55.0
43309.72571,25.6,54.4
43309.72779,26.1,53.8
43309.72987,26.1,54.5
43309.73196,26.1,53.2
43309.73404,26.1,53.8
43309.73612,26.1,53.2
43309.73821,26.1,52.6
43309.74029,26.1,53.2
43309.74237,26.1,52.6
43309.74446,26.1,53.2
43309.74654,26.1,52.6
43309.74862,26.1,52.6
43309.75071,26.1,53.2
43309.75279,26.1,52.6
43309.75487,26.6,52.6
43309.75696,26.6,52.0
43309.75904,26.6,52.7
43309.76112,26.6,52.0
43309.76321,26.6,52.0
43309.76529,26.6,52.0
43309.76737,26.6,52.7
43309.76946,26.6,52.7
43309.77154,26.6,52.7
43309.77362,26.6,52.0
43309.77571,26.6,52.7
43309.77779,26.6,52.7
43309.77987,26.6,52.0
43309.78196,26.6,53.3
43309.78404,26.6,52.7
43309.78612,26.6,53.3
43309.78821,26.6,53.3
43309.79029,26.6,52.7
43309.79237,26.6,52.7
43309.79446,26.6,52.7
43309.79654,26.6,52.7
43309.79862,26.6,53.3
43309.80071,26.6,52.7
43309.80279,26.6,52.7
43309.80487,26.6,52.7
43309.80696,26.6,52.7
43309.80904,26.6,52.0
43309.81112,26.6,52.0
43309.81321,26.6,52.0
43309.81529,26.6,52.7
43309.81737,26.6,52.7
43309.81946,26.6,52.0
43309.82154,26.1,52.0
43309.82362,26.1,52.0
43309.82571,26.1,52.0
43309.82779,26.1,52.6
43309.82987,26.1,52.0
43309.83196,26.1,51.3
43309.83404,26.1,52.6
43309.83612,26.1,52.6
43309.83821,26.1,52.6
43309.84029,26.1,52.6
43309.84237,26.1,52.0
43309.84446,26.1,53.2
43309.84654,26.1,52.6
43309.84862,26.1,52.6
43309.85071,26.1,53.2
43309.85279,26.1,52.6
43309.85487,26.1,52.0
43309.85696,26.1,52.6
43309.85904,26.1,52.6
43309.86112,26.1,52.6
43309.86321,26.1,52.6
43309.86529,26.1,52.6
43309.86737,26.1,52.6
43309.86946,26.1,52.6
43309.87154,26.1,52.0
43309.87362,26.1,52.6
43309.87571,26.1,52.0
43309.87779,26.1,52.6
43309.87987,26.1,53.2
43309.88196,26.1,52.0
43309.88404,26.1,52.6
43309.88612,26.1,52.6
43309.88821,26.1,52.6
43309.89029,26.1,52.0
43309.89237,26.1,53.2
43309.89446,26.1,52.6
43309.89654,26.1,52.6
43309.89862,26.1,52.0
43309.90071,26.1,52.0
43309.90279,26.1,52.6
43309.90487,25.6,52.6
43309.90696,25.6,52.6
43309.90904,26.1,53.8
43309.91112,26.1,51.3
43309.91321,25.6,51.9
43309.91529,25.6,51.9
43309.91737,25.6,52.5
43309.91946,25.6,52.5
43309.92154,25.6,52.5
43309.92362,25.6,51.9
43309.92571,25.6,51.9
43309.92779,25.6,52.5
43309.92987,25.6,51.3
43309.93196,25.6,51.9
43309.93404,25.6,51.9
43309.93612,25.6,52.5
43309.93821,25.6,51.9
43309.94029,25.6,52.5
43309.94237,26.1,52.5
43309.94446,26.1,53.8
43309.94654,26.1,53.2
43309.94862,26.1,53.2
43309.95071,26.1,53.2
43309.95279,26.1,52.6
43309.95487,26.1,53.2
43309.95696,26.1,53.2
43309.95904,26.1,52.6
43309.96112,26.1,52.0
43309.96321,26.1,52.6
43309.96529,26.1,52.6
43309.96737,26.1,52.6
43309.96946,26.1,52.6
43309.97154,26.1,52.6
43309.97362,26.1,52.6
43309.97571,26.1,52.6
43309.97779,26.1,52.6
43309.97987,26.1,52.0
43309.98196,26.1,52.6
43309.98404,26.1,52.6
43309.98612,26.1,52.6
43309.98821,26.1,52.6
43309.99029,26.1,52.0
43309.99237,26.1,52.0
43309.99446,26.1,53.2
43309.99654,26.1,52.6
43309.99862,26.1,52.6
43310.00071,26.1,52.0
43310.00279,26.1,52.6
43310.00487,26.1,52.6
43310.00696,26.1,52.6
43310.00904,26.1,52.6
43310.01112,26.1,53.2
43310.01321,26.1,52.0
43310.01529,26.1,52.6
43310.01737,26.1,52.0
43310.01946,26.1,53.2
43310.02154,26.1,52.6
43310.02362,26.1,52.0
43310.02571,26.1,52.6
43310.02779,26.1,52.6
43310.02987,26.1,52.0
43310.03196,26.1,52.6
43310.03404,26.1,53.2
43310.03612,26.1,53.2
43310.03821,26.1,53.2
43310.04029,26.1,53.2
43310.04237,26.1,53.2
43310.04446,26.1,53.8
43310.04654,26.1,53.8
43310.04862,26.1,53.8
43310.05071,26.1,52.6
43310.05279,26.1,52.6
43310.05487,26.1,52.6
43310.05696,26.1,52.0
43310.05904,26.1,52.6
43310.06112,26.1,52.0
43310.06321,25.6,52.0
43310.06529,25.6,52.0
43310.06737,25.6,52.0
43310.06946,25.6,52.5
43310.07154,25.6,51.9
43310.07362,25.6,52.5
43310.07571,25.6,52.5
43310.07779,25.6,50.7
43310.07987,25.6,51.3
43310.08196,25.6,51.9
43310.08404,25.6,51.9
43310.08612,25.1,51.2
43310.08821,25.1,52.5
43310.09029,25.1,51.9
43310.09237,25.1,52.5
43310.09446,25.1,52.5
43310.09654,25.1,52.5
43310.09862,25.1,52.5
43310.10071,25.1,51.9
43310.10279,25.1,52.5
43310.10487,25.1,53.1
43310.10696,25.1,52.5
43310.10904,25.1,52.5
43310.11112,24.6,53.1
43310.11321,24.6,53.1
43310.11529,24.6,53.1
43310.11737,24.6,53.7
43310.11946,24.6,53.7
43310.12154,24.6,53.7
43310.12362,24.6,53.7
43310.12571,24.6,53.1
43310.12779,24.6,54.3
43310.12987,24.6,53.7
43310.13196,24.6,54.9
43310.13404,24.6,53.7
43310.13612,24.6,53.7
43310.13821,24.1,54.2
43310.14029,24.1,54.9
43310.14237,24.1,54.2
43310.14446,24.1,54.9
43310.14654,24.1,54.9
43310.14862,24.1,54.9
43310.15071,24.1,53.6
43310.15279,24.1,55.5
43310.15487,24.1,54.9
43310.15696,24.1,54.9
43310.15904,24.1,54.9
43310.16112,24.1,55.5
43310.16321,24.1,54.9
43310.16529,24.1,55.5
43310.16737,24.1,55.5
43310.16946,24.1,55.5
43310.17154,23.6,54.8
43310.17362,23.6,56.0
43310.17571,23.6,56.0
43310.17779,23.6,55.4
43310.17987,23.6,56.0
43310.18196,23.6,55.4
43310.18404,23.6,55.4
43310.18612,23.6,56.7
43310.18821,23.6,56.0
43310.19029,23.6,56.7
43310.19237,23.6,56.7
43310.19446,23.6,57.3
43310.19654,23.6,57.3
43310.19862,23.6,56.7
43310.20071,23.6,56.0
43310.20279,23.6,56.7
43310.20487,23.6,57.3
43310.20696,23.1,57.3
43310.20904,23.1,56.6
43310.21112,23.1,56.0
43310.21321,23.1,56.6
43310.21529,23.1,56.0
43310.21737,23.1,57.2
43310.21946,23.1,56.6
43310.22154,23.1,57.2
43310.22362,23.1,57.2
43310.22571,23.1,56.6
43310.22779,23.1,56.6
43310.22987,23.1,57.2
43310.23196,23.1,57.2
43310.23404,23.1,56.6
43310.23612,23.1,57.2
43310.23821,23.1,57.2
43310.24029,23.1,57.8
43310.24237,23.1,57.8
43310.24446,23.1,57.8
43310.24654,23.1,56.6
43310.24862,23.1,57.2
43310.25071,23.1,57.2
43310.25279,22.6,57.8
43310.25487,22.6,57.8
43310.25696,22.6,57.8
43310.25904,22.6,57.8
43310.26112,22.6,58.4
43310.26321,22.6,58.4
43310.26529,22.6,57.8
43310.26737,22.6,58.4
43310.26946,22.6,59.0
43310.27154,22.6,57.8
43310.27362,22.6,58.4
43310.27571,22.6,58.4
43310.27779,22.6,59.0
43310.27987,22.6,57.8
43310.28196,22.6,58.4
43310.28404,22.6,58.4
43310.28612,22.6,59.0
43310.28821,22.6,59.6
43310.29029,22.6,58.4
43310.29237,22.6,59.0
43310.29446,22.6,59.0
43310.29654,22.6,59.0
43310.29862,22.6,59.6
43310.30071,22.6,59.6
43310.30279,22.6,59.6
43310.30487,22.6,59.6
43310.30696,22.6,59.6
43310.30904,22.6,60.2
43310.31112,22.6,59.0
43310.31321,22.6,59.6
43310.31529,22.6,60.2
43310.31737,22.6,59.6
43310.31946,22.6,59.0
43310.32154,22.6,59.6
43310.32362,22.6,59.0
43310.32571,22.6,60.2
43310.32779,22.6,59.6
43310.32987,22.6,59.6
43310.33196,22.6,59.0
43310.33404,22.6,59.6
43310.33612,22.6,60.2
43310.33821,22.6,60.2
43310.34029,22.6,60.2
43310.34237,22.6,60.2
43310.34446,22.6,60.2
43310.34654,22.6,60.2
43310.34862,22.6,60.2
43310.35071,22.6,60.2
43310.35279,22.6,60.2
43310.35487,22.6,60.2
43310.35696,22.6,60.2
43310.35904,22.6,60.2
43310.36112,22.6,60.2
43310.36321,22.6,59.6
43310.36529,22.6,60.2
43310.36737,22.6,59.6
43310.36946,23.1,60.2
43310.37154,23.1,60.2
43310.37362,23.1,60.2
43310.37571,23.1,60.2
43310.37779,23.1,59.6
43310.37987,23.1,60.2
43310.38196,23.1,59.6
43310.38404,23.1,60.2
43310.38612,23.1,60.2
43310.38821,23.1,60.2
43310.39029,23.1,59.6
43310.39237,23.1,59.6
43310.39446,23.1,59.6
43310.39654,23.1,60.2
43310.39862,23.1,60.2
43310.40071,23.1,60.2
43310.40279,23.1,59.6
43310.40487,23.1,59.6
43310.40696,23.1,59.6
43310.40904,23.1,60.2
43310.41112,23.1,59.6
43310.41321,23.1,60.2
43310.41529,23.1,59.6
43310.41737,23.1,59.0
43310.41946,23.1,59.6
43310.42154,23.1,60.2
43310.42362,23.1,60.2
43310.42571,23.1,59.0
43310.42779,23.6,59.7
43310.42987,23.6,59.7
43310.43196,23.6,59.7
43310.43404,23.6,60.3
43310.43612,23.6,59.7
43310.43821,23.6,59.1
43310.44029,23.6,59.7
43310.44237,23.6,59.1
43310.44446,23.6,59.1
43310.44654,23.6,59.1
43310.44862,23.6,59.1
43310.45071,23.6,59.1
43310.45279,23.6,58.5
43310.45487,23.6,60.3
43310.45696,23.6,60.9
43310.45904,23.6,59.1
43310.46112,23.6,58.5
43310.46321,23.6,59.1
43310.46529,23.6,59.1
43310.46737,23.6,59.1
43310.46946,23.6,59.1
43310.47154,23.6,59.1
43310.47362,24.1,59.7
43310.47571,24.1,59.7
43310.47779,24.1,59.1
43310.47987,24.1,59.7
43310.48196,24.1,58.5
43310.48404,24.1,59.1
43310.48612,24.1,59.7
43310.48821,24.1,59.7
43310.49029,24.1,59.7
43310.49237,24.1,59.7
43310.49446,24.1,60.3
43310.49654,24.1,60.3
43310.49862,24.1,59.7
43310.50071,24.1,60.3
43310.50279,24.6,60.3
43310.50487,24.6,60.3
43310.50696,24.6,59.8
43310.50904,24.6,59.8
43310.51112,24.6,59.2
43310.51321,24.6,59.2
43310.51529,24.6,59.2
43310.51737,24.6,59.2
43310.51946,24.6,59.2
43310.52154,24.6,59.2
43310.52362,24.6,59.2
43310.52571,24.6,59.8
43310.52779,24.6,59.8
43310.52987,24.6,58.6
43310.53196,24.6,59.2
43310.53404,24.6,59.8
43310.53612,24.6,58.6
43310.53821,24.6,58.6
43310.54029,24.6,59.2
43310.54237,25.1,59.8
43310.54446,25.1,59.8
43310.54654,25.1,59.8
43310.54862,25.1,61.0
43310.55071,25.1,60.4
43310.55279,25.1,61.0
43310.55487,25.1,60.4
43310.55696,25.1,60.4
43310.55904,25.1,61.0
43310.56112,25.1,60.4
43310.56321,25.1,60.4
43310.56529,25.1,59.8
43310.56737,25.1,60.4
43310.56946,25.1,60.4
43310.57154,25.1,59.8
43310.57362,25.1,60.4
43310.57571,25.1,59.8
43310.57779,25.1,60.4
43310.57987,25.1,60.4
43310.58196,25.1,59.8
43310.58404,25.1,59.8
43310.58612,25.1,59.2
43310.58821,25.1,59.8
43310.59029,25.1,59.8
43310.59237,25.1,58.6
43310.59446,25.1,58.6
43310.59654,25.1,58.6
43310.59862,25.1,58.6
43310.60071,25.1,58.6
43310.60279,25.1,58.0
43310.60487,25.1,58.0
43310.60696,25.1,56.8
43310.60904,25.1,56.8
43310.61112,25.1,56.8
43310.61321,25.1,56.8
43310.61529,25.1,56.2
43310.61737,25.1,56.2
43310.61946,25.1,56.2
43310.62154,25.1,56.2
43310.62362,25.1,55.6
43310.62571,25.1,55.6
43310.62779,25.1,55.6
43310.62987,25.1,55.6
43310.63196,25.1,55.6
43310.63404,25.1,55.6
43310.63612,25.1,55.0
43310.63821,25.1,55.6
43310.64029,25.1,55.6
43310.64237,25.1,55.0
43310.64446,25.1,55.0
43310.64654,25.1,55.0
43310.64862,25.1,55.6
43310.65071,25.1,55.0
43310.65279,25.1,55.6
43310.65487,25.1,55.0
43310.65696,25.1,55.6
43310.65904,25.1,55.6
43310.66112,25.1,55.6
43310.66321,25.1,55.0
43310.66529,25.1,55.6
43310.66737,25.1,55.6
43310.66946,25.1,55.0
43310.67154,25.1,56.2
43310.67362,25.1,55.6
43310.67571,25.1,55.6
43310.67779,25.1,56.2
43310.67987,25.1,56.2
43310.68196,25.1,56.2
43310.68404,25.1,55.6
43310.68612,25.6,55.6
43310.68821,25.6,55.6
43310.69029,25.6,55.6
43310.69237,25.6,56.2
43310.69446,25.6,55.0
43310.69654,25.6,56.2
43310.69862,25.6,56.2
43310.70071,25.6,56.2
43310.70279,25.6,55.6
43310.70487,25.6,56.2
43310.70696,25.6,55.6
43310.70904,25.6,56.8
43310.71112,25.6,56.8
43310.71321,25.6,56.2
43310.71529,25.6,56.8
43310.71737,25.6,56.8
43310.71946,25.6,56.8
43310.72154,25.6,56.2
43310.72362,25.6,56.8
43310.72571,25.6,56.8
43310.72779,25.6,55.6
43310.72987,25.6,56.2
43310.73196,25.6,56.2
43310.73404,25.6,56.2
43310.73612,25.6,56.2
43310.73821,25.6,56.2
43310.74029,25.6,56.8
43310.74237,25.6,56.8
43310.74446,25.6,56.2
43310.74654,25.6,56.8
43310.74862,25.6,56.2
43310.75071,25.6,56.8
43310.75279,25.6,56.2
43310.75487,25.6,56.2
43310.75696,25.6,56.2
43310.75904,25.6,56.2
43310.76112,25.6,56.2
43310.76321,25.6,56.2
43310.76529,25.6,55.6
43310.76737,25.6,55.0
43310.76946,25.6,55.6
43310.77154,25.6,55.6
43310.77362,25.6,55.0
43310.77571,25.6,55.6
43310.77779,25.6,55.6
43310.77987,25.6,55.6
43310.78196,25.6,56.2
43310.78404,25.6,55.6
43310.78612,25.6,55.0
43310.78821,25.6,55.0
43310.79029,25.6,54.4
43310.79237,25.6,54.4
43310.79446,25.6,55.0
43310.79654,25.6,54.4
43310.79862,25.6,55.0
43310.80071,25.6,55.0
43310.80279,25.6,54.4
43310.80487,25.6,54.4
43310.80696,25.6,54.4
43310.80904,25.6,53.8
43310.81112,25.6,54.4
43310.81321,25.6,54.4
43310.81529,25.6,54.4
43310.81737,25.6,54.4
43310.81946,25.6,55.0
43310.82154,25.6,53.8
43310.82362,25.6,53.8
43310.82571,25.6,54.4
43310.82779,25.6,53.8
43310.82987,25.6,53.8
43310.83196,25.6,55.0
43310.83404,25.6,55.0
43310.83612,25.6,53.2
43310.83821,25.6,54.4
43310.84029,25.6,55.0
43310.84237,25.6,54.4
43310.84446,25.6,54.4
43310.84654,25.6,54.4
43310.84862,25.6,54.4
43310.85071,25.6,55.0
43310.85279,25.6,55.0
43310.85487,25.6,55.0
43310.85696,25.6,54.4
43310.85904,25.6,55.0
43310.86112,25.6,54.4
43310.86321,25.6,54.4
43310.86529,25.6,55.0
43310.86737,25.6,54.4
43310.86946,25.6,54.4
43310.87154,25.6,54.4
43310.87362,25.6,55.0
43310.87571,25.6,53.8
43310.87779,25.6,54.4
43310.87987,25.6,54.4
43310.88196,25.6,55.0
43310.88404,25.6,55.0
43310.88612,25.6,55.6
43310.88821,25.6,55.0
43310.89029,25.6,55.0
43310.89237,25.6,55.0
43310.89446,25.6,55.0
43310.89654,25.6,54.4
43310.89862,25.6,55.0
43310.90071,25.6,55.0
43310.90279,25.6,55.0
43310.90487,25.6,55.0
43310.90696,25.6,54.4
43310.90904,25.6,54.4
43310.91112,25.6,54.4
43310.91321,25.6,55.0
43310.91529,25.6,54.4
43310.91737,26.1,55.7
43310.91946,25.6,55.0
43310.92154,25.6,55.6
43310.92362,26.1,55.1
43310.92571,26.1,55.1
43310.92779,26.1,54.5
43310.92987,26.1,56.3
43310.93196,26.1,55.1
43310.93404,25.6,55.1
43310.93612,26.1,55.1
43310.93821,26.1,55.1
43310.94029,26.1,55.1
43310.94237,25.6,54.4
43310.94446,26.1,54.4
43310.94654,25.6,54.4
43310.94862,26.1,54.4
43310.95071,26.1,54.4
43310.95279,25.6,54.4
43310.95487,26.1,54.4
43310.95696,26.1,54.4
43310.95904,25.6,53.8
43310.96112,26.1,55.1
43310.96321,26.1,53.8
43310.96529,26.1,54.5
43310.96737,26.1,53.8
43310.96946,26.1,54.5
43310.97154,26.1,53.8
43310.97362,26.1,54.5
43310.97571,26.1,53.8
43310.97779,26.1,53.8
43310.97987,26.1,53.2
43310.98196,26.1,53.2
43310.98404,26.1,53.2
43310.98612,26.1,53.2
43310.98821,26.1,53.8
43310.99029,26.1,52.6
43310.99237,26.1,52.6
43310.99446,26.1,53.2
43310.99654,26.1,52.6
43310.99862,26.1,52.6
43311.00071,26.1,52.6
43311.00279,26.1,53.2
43311.00487,26.1,53.2
43311.00696,26.1,53.2
43311.00904,26.1,52.6
43311.01112,26.1,53.2
43311.01321,26.1,52.6
43311.01529,26.1,53.2
43311.01737,26.1,53.8
43311.01946,26.1,53.2
43311.02154,26.1,53.8
43311.02362,26.1,53.2
43311.02571,26.1,53.2
43311.02779,26.1,53.2
43311.02987,26.1,52.6
43311.03196,26.1,53.2
43311.03404,26.1,53.8
43311.03612,26.1,53.2
43311.03821,26.1,52.6
43311.04029,26.1,52.6
43311.04237,26.1,53.2
43311.04446,26.1,53.2
43311.04654,26.1,53.2
43311.04862,26.1,52.6
43311.05071,26.1,53.2
43311.05279,26.1,52.6
43311.05487,26.1,52.6
43311.05696,26.1,52.0
43311.05904,26.1,52.6
43311.06112,26.1,52.6
43311.06321,26.1,53.2
43311.06529,26.1,53.2
43311.06737,26.1,52.0
43311.06946,26.1,53.2
43311.07154,26.1,53.2
43311.07362,26.1,52.6
43311.07571,26.1,52.6
43311.07779,26.1,53.2
43311.07987,26.1,53.2
43311.08196,26.1,53.2
43311.08404,26.1,53.2
43311.08612,26.1,53.2
43311.08821,26.1,53.2
43311.09029,26.1,52.6
43311.09237,26.1,53.8
43311.09446,26.1,53.2
43311.09654,26.1,53.2
43311.09862,26.1,53.2
43311.10071,26.1,52.6
43311.10279,26.1,52.6
43311.10487,26.1,53.2
43311.10696,26.1,53.2
43311.10904,26.1,52.6
43311.11112,26.1,53.2
43311.11321,26.1,53.2
43311.11529,26.1,52.6
43311.11737,26.1,52.6
43311.11946,26.1,52.6
43311.12154,26.1,52.6
43311.12362,26.1,52.6
43311.12571,26.1,52.6
43311.12779,26.1,52.6
43311.12987,26.1,52.6
43311.13196,26.1,52.6
43311.13404,26.1,53.2
43311.13612,26.1,52.0
43311.13821,26.1,53.2
43311.14029,26.1,53.2
43311.14237,26.1,53.2
43311.14446,26.1,52.6
43311.14654,26.1,53.2
43311.14862,26.1,53.2
43311.15071,26.1,53.2
43311.15279,26.1,53.2
43311.15487,26.1,53.8
43311.15696,26.1,53.2
43311.15904,26.1,53.8
43311.16112,26.1,53.2
43311.16321,26.1,52.0
43311.16529,26.1,53.8
43311.16737,26.1,52.6
43311.16946,26.1,53.2
43311.17154,26.1,53.2
43311.17362,25.6,53.2
43311.17571,25.6,53.8
43311.17779,25.6,53.2
43311.17987,25.6,52.5
43311.18196,25.6,53.2
43311.18404,25.6,53.2
43311.18612,25.6,53.2
43311.18821,25.6,52.5
43311.19029,25.6,53.2
43311.19237,25.6,53.2
43311.19446,25.6,53.2
43311.19654,25.6,52.5
43311.19862,25.6,53.2
43311.20071,25.6,53.2
43311.20279,25.6,53.2
43311.20487,25.6,53.2
43311.20696,25.6,53.2
43311.20904,25.6,53.8
43311.21112,25.6,53.2
43311.21321,25.6,52.5
43311.21529,25.6,53.2
43311.21737,25.6,52.5
43311.21946,25.6,53.8
43311.22154,25.6,53.2
43311.22362,25.6,53.8
43311.22571,25.6,53.8
43311.22779,25.6,53.8
43311.22987,25.6,53.2
43311.23196,25.6,53.8
43311.23404,25.6,53.2
43311.23612,25.6,53.2
43311.23821,25.6,53.8
43311.24029,25.6,53.2
43311.24237,25.6,53.2
43311.24446,25.6,53.2
43311.24654,25.6,53.2
43311.24862,25.6,53.2
43311.25071,25.6,52.5
43311.25279,25.6,53.2
43311.25487,25.6,53.2
43311.25696,25.6,53.2
43311.25904,25.6,53.2
43311.26112,25.6,52.5
43311.26321,25.6,53.2
43311.26529,25.6,53.2
43311.26737,25.6,53.2
43311.26946,25.6,53.2
43311.27154,25.6,53.8
43311.27362,25.6,52.5
43311.27571,25.6,53.2
43311.27779,25.6,53.2
43311.27987,25.6,53.2
43311.28196,25.6,53.2
43311.28404,25.6,53.2
43311.28612,25.6,52.5
43311.28821,25.1,53.1
43311.29029,25.1,53.1
43311.29237,25.1,53.1
43311.29446,25.1,53.7
43311.29654,25.1,52.5
43311.29862,25.1,53.7
43311.30071,25.1,53.1
43311.30279,25.1,53.1
43311.30487,25.1,53.7
43311.30696,25.1,53.1
43311.30904,25.1,53.7
43311.31112,25.1,53.1
43311.31321,25.1,53.7
43311.31529,25.1,54.3
43311.31737,25.1,53.7
43311.31946,25.1,53.7
43311.32154,25.1,53.1
43311.32362,25.1,53.1
43311.32571,25.1,53.1
43311.32779,25.1,53.7
43311.32987,25.1,53.7
43311.33196,25.1,53.7
43311.33404,25.1,53.7
43311.33612,25.1,53.1
43311.33821,25.1,53.1
43311.34029,25.1,54.3
43311.34237,25.1,54.3
43311.34446,25.1,54.3
43311.34654,25.1,53.7
43311.34862,25.1,54.3
43311.35071,25.1,54.3
43311.35279,25.1,54.3
43311.35487,25.1,54.3
43311.35696,25.1,54.3
43311.35904,25.1,53.7
43311.36112,25.1,53.7
43311.36321,25.1,55.0
43311.36529,25.1,53.7
43311.36737,25.1,54.3
43311.36946,25.1,54.3
43311.37154,25.1,54.3
43311.37362,25.1,54.3
43311.37571,25.1,54.3
43311.37779,25.1,54.3
43311.37987,25.1,54.3
43311.38196,25.1,55.0
43311.38404,25.1,54.3
43311.38612,25.1,55.0
43311.38821,25.1,55.6
43311.39029,25.1,54.3
43311.39237,25.1,55.0
43311.39446,25.1,55.6
43311.39654,25.1,55.0
43311.39862,25.1,55.0
43311.40071,25.1,55.0
43311.40279,25.1,55.6
43311.40487,25.1,55.6
43311.40696,25.1,55.6
43311.40904,25.1,55.0
43311.41112,25.1,55.6
43311.41321,25.1,55.0
43311.41529,25.1,55.0
43311.41737,25.1,55.0
43311.41946,25.1,55.6
43311.42154,25.1,56.2
43311.42362,25.1,55.6
43311.42571,25.1,55.6
43311.42779,25.1,55.6
43311.42987,25.1,56.2
43311.43196,25.6,55.6
43311.43404,25.6,56.2
43311.43612,25.6,56.2
43311.43821,25.6,56.2
43311.44029,25.6,56.2
43311.44237,25.6,55.6
43311.44446,25.6,56.2
43311.44654,25.6,56.2
43311.44862,25.6,56.2
43311.45071,25.6,56.2
43311.45279,29.1,57.2
43311.45487,30.1,53.0
43311.45696,30.1,49.9
43311.45904,30.1,48.7
43311.46112,30.1,48.0
43311.46321,29.6,46.7
43311.46529,31.1,48.1
43311.46737,31.6,47.6
43311.46946,32.1,47.0
43311.47154,31.6,45.0
43311.47362,30.6,44.2
43311.47571,30.6,44.9
43311.47779,30.1,45.5
43311.47987,30.1,45.5
43311.48196,31.1,45.5
43311.48404,33.6,46.5
43311.48612,32.6,45.8
43311.48821,32.1,45.1
43311.49029,31.6,45.1
43311.49237,31.6,46.3
43311.49446,31.6,46.3
43311.49654,31.1,46.9
43311.49862,30.6,48.7
43311.50071,30.6,48.7
43311.50279,31.1,48.7
43311.50487,31.1,47.5
43311.50696,31.1,46.9
43311.50904,31.1,47.5
43311.51112,30.6,50.6
43311.51321,30.1,51.8
43311.51529,29.1,53.5
43311.51737,29.6,56.0
43311.51946,30.1,55.5
43311.52154,29.6,53.0
43311.52362,29.6,54.2
43311.52571,29.6,55.4
43311.52779,29.6,56.0
43311.52987,28.6,55.3
43311.53196,28.1,54.0
43311.53404,27.6,51.5
43311.53612,27.6,52.8
43311.53821,28.1,50.9
43311.54029,29.1,49.8
43311.54237,29.6,48.6
43311.54446,29.6,49.2
43311.54654,30.1,48.0
43311.54862,30.1,46.8
43311.55071,30.1,46.1
43311.55279,30.6,45.5
43311.55487,29.6,44.8
43311.55696,29.6,45.4
43311.55904,27.1,43.9
43311.56112,25.6,45.6
43311.56321,25.1,45.6
43311.56529,24.6,48.1
43311.56737,24.6,47.4
43311.56946,24.6,47.4
43311.57154,24.1,48.0
43311.57362,24.1,48.0
43311.57571,24.1,48.7
43311.57779,24.1,49.3
43311.57987,24.1,49.3
43311.58196,24.1,49.3
43311.58404,24.1,49.3
43311.58612,24.1,49.3
43311.58821,24.1,49.3
43311.59029,24.1,49.3
43311.59237,24.1,49.3
43311.59446,24.1,49.3
43311.59654,24.1,49.3
43311.59862,24.1,49.3
43311.60071,24.1,49.3
43311.60279,24.1,49.9
43311.60487,24.1,49.9
43311.60696,24.1,49.3
43311.60904,24.1,49.9
43311.61112,24.1,49.3
43311.61321,24.1,48.7
43311.61529,24.1,49.3
43311.61737,24.1,49.3
43311.61946,24.1,49.3
43311.62154,24.1,49.3
43311.62362,24.1,49.3
43311.62571,24.1,49.9
43311.62779,24.1,49.9
43311.62987,24.1,48.7
43311.63196,24.1,49.9
43311.63404,24.1,49.3
43311.63612,24.1,49.9
43311.63821,24.1,49.9
43311.64029,24.1,49.9
43311.64237,24.1,50.5
43311.64446,24.1,50.5
43311.64654,24.1,50.5
43311.64862,24.1,50.5
43311.65071,24.6,50.0
43311.65279,24.1,50.5
43311.65487,24.6,50.5
43311.65696,24.6,50.5
43311.65904,24.6,50.5
43311.66112,24.1,50.5
43311.66321,24.6,51.2
43311.66529,24.6,51.2
43311.66737,24.6,50.6
43311.66946,24.6,50.6
43311.67154,24.1,50.6
43311.67362,24.1,49.9
43311.67571,24.1,49.9
43311.67779,24.1,49.9
43311.67987,24.1,49.9
43311.68196,24.1,49.3
43311.68404,24.1,49.9
43311.68612,24.1,49.3
43311.68821,24.1,49.3
43311.69029,24.1,49.9
43311.69237,24.1,49.9
43311.69446,24.1,49.9
43311.69654,24.1,50.5
43311.69862,23.6,54.2
43311.70071,23.6,54.2
-end-
